_id,owner,originalTransactionId,transactionId,productId,purchaseDate,expirationDate,cancellationDate,test,__v,store
64c5a9e74310d61bdc7268b3,646427700e1ce417f35e2be9,420001562297394,420001562297394,com.ethinx.cymasphere.pro.monthly,+055545-05-19T13:03:20.000Z,+055630-04-03T13:03:20.000Z,,false,0,
64cc98024310d61bdc7289d1,64cc96b44310d61bdc7289b2,730001209017483,730001209017483,com.ethinx.cymasphere.pro.monthly,+055559-10-10T02:50:00.000Z,+055644-08-24T02:50:00.000Z,,false,0,
64d35b1c4310d61bdc72a03a,64cae5e34310d61bdc7280cb,320001533577445,320001533577445,com.ethinx.cymasphere.pro.monthly,+055573-10-25T09:03:20.000Z,+055658-09-09T09:03:20.000Z,,false,0,
64ff77a01a6ae0b040dbee6a,64fd94d71a6ae0b040dbdf6b,140001877496753,140001877496753,com.ethinx.cymasphere.pro.monthly,+055665-06-03T15:33:20.000Z,+055747-07-24T15:33:20.000Z,,false,0,
650b3f8a97583ec1249849f1,650b346d97583ec124984917,210001518724254,210001518724254,com.ethinx.cymasphere.pro.monthly,+055689-11-20T11:16:40.000Z,+055772-01-10T11:16:40.000Z,,false,0,
653952cd97583ec1249921cd,649e71f2f20602909d30d26d,400001394567102,400001394567102,com.ethinx.cymasphere.pro.monthly,+055785-07-29T14:43:20.000Z,+055870-07-26T06:43:20.000Z,,false,0,
655931d174ae940d8d91bee5,65228b4b97583ec12498b79f,490001545717082,490001545717082,com.ethinx.cymasphere.pro.monthly,+055851-10-07T12:13:20.000Z,+055933-11-26T12:13:20.000Z,,false,0,
656920f5dfcd5957159f95a4,6568a7d2524094ec0b2163e1,530001560343718,530001560343718,com.ethinx.cymasphere.pro.monthly,2023-11-30T23:55:26.000Z,2023-12-30T23:55:26.000Z,,false,0,
656e2ceace4cb56e7fba3643,656e2c7fce4cb56e7fba3633,360001665355239,360001665355239,com.ethinx.cymasphere.pro.monthly,2023-12-04T19:47:50.000Z,2024-01-04T19:47:50.000Z,,false,0,AppleAppStore
65745a94ce4cb56e7fba48af,65745981ce4cb56e7fba4892,360001670201009,360001670201009,com.ethinx.cymasphere.pro.monthly,2023-12-09T12:16:13.000Z,2024-01-09T12:16:13.000Z,,false,0,AppleAppStore
65774c85abacdda72d5d8957,65774c08abacdda72d5d8948,110001926906071,110001926906071,com.ethinx.cymasphere.pro.monthly,2023-12-11T17:53:01.000Z,2024-01-11T17:53:01.000Z,,false,0,AppleAppStore
6578722aabacdda72d5d8d84,65787185abacdda72d5d8d74,530001571827148,530001571827148,com.ethinx.cymasphere.pro.monthly,2023-12-12T14:45:58.000Z,2024-01-12T14:45:58.000Z,,false,0,AppleAppStore
657c2874abacdda72d5d9d98,657c27d6abacdda72d5d9d7c,590001430855726,590001430855726,com.ethinx.cymasphere.pro.annual,2023-12-15T10:20:01.000Z,2023-12-29T10:20:01.000Z,,false,0,AppleAppStore
657ddca3abacdda72d5da47f,657ddc41abacdda72d5da472,340001390324621,340001390324621,com.ethinx.cymasphere.pro.monthly,2023-12-16T17:21:34.000Z,2023-12-30T17:21:34.000Z,,false,0,AppleAppStore
657e4837abacdda72d5da71a,657e47c9abacdda72d5da70a,340001390616826,340001390616826,com.ethinx.cymasphere.pro.monthly,2023-12-17T01:00:34.000Z,2023-12-31T01:00:34.000Z,,false,0,AppleAppStore
657f5909abacdda72d5dd1f9,657f585cabacdda72d5dd1e7,230001875004021,230001875004021,com.ethinx.cymasphere.pro.monthly,2023-12-17T20:24:29.000Z,2023-12-31T20:24:29.000Z,,false,0,AppleAppStore
6580b591abacdda72d5dd59c,6580b4a0abacdda72d5dd586,230001876197420,230001876197420,com.ethinx.cymasphere.pro.monthly,2023-12-18T21:11:40.000Z,2024-01-01T21:11:40.000Z,,false,0,AppleAppStore
65818944abacdda72d5ddbcd,65818818abacdda72d5ddbb1,520001553905644,520001553905644,com.ethinx.cymasphere.pro.monthly,2023-12-19T12:14:54.000Z,2024-01-02T12:14:54.000Z,,false,0,AppleAppStore
658349ffabacdda72d5de0e0,65834830abacdda72d5de0c2,590001436020996,590001436020996,com.ethinx.cymasphere.pro.monthly,2024-01-03T20:09:31.000Z,2024-02-03T20:09:31.000Z,,false,0,AppleAppStore
6583620fabacdda72d5de1f0,658361d4abacdda72d5de1e0,390001212864453,390001212864453,com.ethinx.cymasphere.pro.monthly,2023-12-20T21:52:12.000Z,2024-01-03T21:52:12.000Z,,false,0,AppleAppStore
65837c72abacdda72d5de326,65837bf7abacdda72d5de316,90001822819210,90001822819210,com.ethinx.cymasphere.pro.monthly,2023-12-20T23:44:47.000Z,2024-01-03T23:44:47.000Z,,false,0,AppleAppStore
65844f91abacdda72d5de8db,65844f40abacdda72d5de8c2,270001601281216,270001601281216,com.ethinx.cymasphere.pro.monthly,2023-12-21T14:45:32.000Z,2024-01-04T14:45:32.000Z,,false,0,AppleAppStore
65846d76abacdda72d5de977,6583f24cabacdda72d5de7ae,20001421205827,20001421205827,com.ethinx.cymasphere.pro.monthly,2023-12-21T16:53:04.000Z,2024-01-04T16:53:04.000Z,,false,0,AppleAppStore
65859532abacdda72d5df390,65852dc9abacdda72d5df2bb,170001968771863,170001968771863,com.ethinx.cymasphere.pro.monthly,2024-01-05T13:54:51.000Z,2024-02-05T13:54:51.000Z,,false,0,AppleAppStore
6585bf3eabacdda72d5df4fb,6457d4090e1ce417f35e16d0,220001840311362,220001840311362,com.ethinx.cymasphere.pro.monthly,2024-04-05T15:54:12.000Z,2024-05-05T15:54:12.000Z,,false,0,AppleAppStore
6588aa01abacdda72d5e0b9d,6588a992abacdda72d5e0b8e,550001627687643,550001627687643,com.ethinx.cymasphere.pro.monthly,2023-12-24T22:00:27.000Z,2024-01-07T22:00:27.000Z,,false,0,AppleAppStore
658d9f20abacdda72d5e2163,658d9c35abacdda72d5e20e8,70001950729240,70001950729240,com.ethinx.cymasphere.pro.monthly,2023-12-28T16:15:22.000Z,2024-01-11T16:15:22.000Z,,false,0,AppleAppStore
658f494eabacdda72d5e2e9a,658f4889abacdda72d5e2e8b,430001664772521,430001664772521,com.ethinx.cymasphere.pro.annual,2023-12-29T22:33:47.000Z,2024-01-12T22:33:47.000Z,,false,0,AppleAppStore
65908861abacdda72d5e3909,6590874aabacdda72d5e38f1,530001590218011,530001590218011,com.ethinx.cymasphere.pro.monthly,2023-12-30T21:15:10.000Z,2024-01-13T21:15:10.000Z,,false,0,AppleAppStore
6591e132abacdda72d5e41b4,6591e0a9abacdda72d5e419f,110001951349588,110001951349588,com.ethinx.cymasphere.pro.monthly,2023-12-31T21:46:21.000Z,2024-01-14T21:46:21.000Z,,false,0,AppleAppStore
6591ec0eabacdda72d5e4252,6591ebaeabacdda72d5e4241,290001727573639,290001727573639,com.ethinx.cymasphere.pro.monthly,2023-12-31T22:32:38.000Z,2024-01-14T22:32:38.000Z,,false,0,AppleAppStore
659290fdabacdda72d5e44c9,659290acabacdda72d5e44b8,440001674296048,440001674296048,com.ethinx.cymasphere.pro.monthly,2024-01-01T10:16:25.000Z,2024-01-15T10:16:25.000Z,,false,0,AppleAppStore
6592dfaaabacdda72d5e46e8,6592aacfabacdda72d5e451f,480001760000581,480001760000581,com.ethinx.cymasphere.pro.monthly,2024-01-01T15:52:01.000Z,2024-01-15T15:52:01.000Z,,false,0,AppleAppStore
65937c4eabacdda72d5e4a8d,657e0654abacdda72d5da4de,250001646035986,250001646035986,com.ethinx.cymasphere.pro.monthly,2024-01-02T03:00:00.000Z,2024-01-16T03:00:00.000Z,,false,0,AppleAppStore
65938678abacdda72d5e4bfc,65938607abacdda72d5e4bed,380001431732218,380001431732218,com.ethinx.cymasphere.pro.monthly,2024-01-02T03:43:48.000Z,2024-01-16T03:43:48.000Z,,false,0,AppleAppStore
6593da15abacdda72d5e4ffe,65812594abacdda72d5dd991,460001756511836,460001756511836,com.ethinx.cymasphere.pro.monthly,2024-01-02T09:39:43.000Z,2024-01-16T09:39:43.000Z,,false,0,AppleAppStore
65942fbaabacdda72d5e52e2,65942f65abacdda72d5e52d5,90001837349466,90001837349466,com.ethinx.cymasphere.pro.monthly,2024-01-02T15:45:56.000Z,2024-01-16T15:45:56.000Z,,false,0,AppleAppStore
659465d5abacdda72d5e5554,6594655fabacdda72d5e5544,30001871550412,30001871550412,com.ethinx.cymasphere.pro.monthly,2024-01-02T19:36:46.000Z,2024-01-16T19:36:46.000Z,,false,0,AppleAppStore
65969c402dc8db1efedef30f,65969ba32dc8db1efedef2f3,200001901976221,200001901976221,com.ethinx.cymasphere.pro.monthly,2024-01-04T11:53:21.000Z,2024-01-18T11:53:21.000Z,,false,0,AppleAppStore
65969e5e2dc8db1efedef333,65969ded2dc8db1efedef324,730001337672858,730001337672858,com.ethinx.cymasphere.pro.monthly,2024-01-04T12:02:32.000Z,2024-01-18T12:02:32.000Z,,false,0,AppleAppStore
6596b22c2dc8db1efedef594,6596b1d12dc8db1efedef585,250001648644909,250001648644909,com.ethinx.cymasphere.pro.monthly,2024-01-04T13:27:04.000Z,2024-01-18T13:27:04.000Z,,false,0,AppleAppStore
6596b5b02dc8db1efedef5fa,6596b4ca2dc8db1efedef5c9,280001721686523,280001721686523,com.ethinx.cymasphere.pro.monthly,2024-01-04T13:42:02.000Z,2024-01-18T13:42:02.000Z,,false,0,AppleAppStore
6596b6b42dc8db1efedef697,6596b6572dc8db1efedef662,380001433771199,380001433771199,com.ethinx.cymasphere.pro.monthly,2024-01-04T13:46:23.000Z,2024-01-18T13:46:23.000Z,,false,0,AppleAppStore
659702b12dc8db1efedefcb1,659702312dc8db1efedefca1,350001819063120,350001819063120,com.ethinx.cymasphere.pro.monthly,2024-01-04T19:10:36.000Z,2024-01-18T19:10:36.000Z,,false,0,AppleAppStore
659935ee2dc8db1efedf0774,659935082dc8db1efedf0757,360001701238433,360001701238433,com.ethinx.cymasphere.pro.monthly,2024-01-06T11:13:45.000Z,2024-01-20T11:13:45.000Z,,false,0,AppleAppStore
6599696e2dc8db1efedf0f04,659969092dc8db1efedf0ede,270001618751063,270001618751063,com.ethinx.cymasphere.pro.monthly,2024-01-06T14:53:30.000Z,2024-01-20T14:53:30.000Z,,false,0,AppleAppStore
65997f122dc8db1efedf10ea,65997e9e2dc8db1efedf10da,400001443364608,400001443364608,com.ethinx.cymasphere.pro.monthly,2024-01-06T16:25:50.000Z,2024-01-20T16:25:50.000Z,,false,0,AppleAppStore
659997412dc8db1efedf1193,659996ac2dc8db1efedf117f,160001811205724,160001811205724,com.ethinx.cymasphere.pro.monthly,2024-01-06T18:08:27.000Z,2024-01-20T18:08:27.000Z,,false,0,AppleAppStore
659a8d382dc8db1efedf16f5,659a8ab62dc8db1efedf16c7,170001989961517,170001989961517,com.ethinx.cymasphere.pro.monthly,2024-01-07T11:38:28.000Z,2024-01-21T11:38:28.000Z,,false,0,AppleAppStore
659ae3902dc8db1efedf1be0,659ae3042dc8db1efedf1bd1,60001716586961,60001716586961,com.ethinx.cymasphere.pro.monthly,2024-01-07T17:46:50.000Z,2024-01-21T17:46:50.000Z,,false,0,AppleAppStore
659ae9512dc8db1efedf1c4d,659ae8712dc8db1efedf1c24,230001900974805,230001900974805,com.ethinx.cymasphere.pro.monthly,2024-01-07T18:11:13.000Z,2024-01-21T18:11:13.000Z,,false,0,AppleAppStore
659aed5a2dc8db1efedf1cf2,659aecf12dc8db1efedf1ce4,470001783462469,470001783462469,com.ethinx.cymasphere.pro.monthly,2024-01-07T18:28:36.000Z,2024-01-21T18:28:36.000Z,,false,0,AppleAppStore
659b0cae2dc8db1efedf1dc1,659b0c3c2dc8db1efedf1dad,370001466644170,370001466644170,com.ethinx.cymasphere.pro.monthly,2024-01-07T20:42:10.000Z,2024-01-21T20:42:10.000Z,,false,0,AppleAppStore
659b0d9a2dc8db1efedf1e13,659b0c3a2dc8db1efedf1dab,470001783571774,470001783571774,com.ethinx.cymasphere.pro.annual,2024-01-07T20:46:13.000Z,2024-01-21T20:46:13.000Z,,false,0,AppleAppStore
659bc64ea9998006ebc18c6b,659bc5eba9998006ebc18c58,460001763671107,460001763671107,com.ethinx.cymasphere.pro.monthly,2024-01-08T09:54:17.000Z,2024-01-22T09:54:17.000Z,,false,0,AppleAppStore
659d6cefa9998006ebc1b6a9,659d6ca4a9998006ebc1b699,70001965953415,70001965953415,com.ethinx.cymasphere.pro.monthly,2024-01-09T15:57:31.000Z,2024-01-23T15:57:31.000Z,,false,0,AppleAppStore
659d7eeea9998006ebc1b793,659d7e26a9998006ebc1b77f,350001824906894,350001824906894,com.ethinx.cymasphere.pro.monthly,2024-01-09T17:14:19.000Z,2024-01-23T17:14:19.000Z,,false,0,AppleAppStore
659dab35a9998006ebc1b95f,659daa5ba9998006ebc1b927,110001962771178,110001962771178,com.ethinx.cymasphere.pro.monthly,2024-01-09T20:23:12.000Z,2024-01-23T20:23:12.000Z,,false,0,AppleAppStore
659defc6a9998006ebc1bb90,659def0ca9998006ebc1bb78,440001684069734,440001684069734,com.ethinx.cymasphere.pro.monthly,2024-01-10T01:15:46.000Z,2024-01-24T01:15:46.000Z,,false,0,AppleAppStore
659e1418a9998006ebc1bc79,659e1297a9998006ebc1bc64,380001438319517,380001438319517,com.ethinx.cymasphere.pro.monthly,2024-03-29T07:46:56.000Z,2024-04-29T07:46:56.000Z,,false,0,AppleAppStore
659e5f7fa9998006ebc1be93,659e598ea9998006ebc1be50,360001705559272,360001705559272,com.ethinx.cymasphere.pro.monthly,2024-01-10T09:12:27.000Z,2024-01-24T09:12:27.000Z,,false,0,AppleAppStore
659e8fb2a9998006ebc1c106,659e8c6da9998006ebc1c0c3,100001559135409,100001559135409,com.ethinx.cymasphere.pro.monthly,2024-01-10T12:38:05.000Z,2024-01-24T12:38:05.000Z,,false,0,AppleAppStore
659ea7b3a9998006ebc1c232,659ea6efa9998006ebc1c1fe,470001786583519,470001786583519,com.ethinx.cymasphere.pro.monthly,2024-01-10T14:20:29.000Z,2024-01-24T14:20:29.000Z,,false,0,AppleAppStore
659eac9da9998006ebc1c2c0,659eac34a9998006ebc1c2aa,200001909460580,200001909460580,com.ethinx.cymasphere.pro.monthly,2024-01-10T14:41:29.000Z,2024-01-24T14:41:29.000Z,,false,0,AppleAppStore
659eb78fa9998006ebc1c322,659eb72da9998006ebc1c313,700001395460150,700001395460150,com.ethinx.cymasphere.pro.monthly,2024-01-10T15:28:11.000Z,2024-01-24T15:28:11.000Z,,false,0,AppleAppStore
659eb7dca9998006ebc1c34a,659eb787a9998006ebc1c31d,30001880679822,30001880679822,com.ethinx.cymasphere.pro.monthly,2024-01-10T15:29:28.000Z,2024-01-24T15:29:28.000Z,,false,0,AppleAppStore
659ebb77a9998006ebc1c3c6,659ebb1ba9998006ebc1c3b9,170001993942872,170001993942872,com.ethinx.cymasphere.pro.monthly,2024-01-24T15:44:50.000Z,2024-02-24T15:44:50.000Z,,false,0,AppleAppStore
659ffc37a9998006ebc1d00f,659ff198a9998006ebc1ce7b,580001284283072,580001284283072,com.ethinx.cymasphere.pro.monthly,2024-01-11T14:33:21.000Z,2024-01-25T14:33:21.000Z,,false,0,AppleAppStore
65a10a9fa9998006ebc1e392,65a10a3ea9998006ebc1e382,180001914455597,180001914455597,com.ethinx.cymasphere.pro.monthly,2024-01-26T09:47:07.000Z,2024-02-26T09:47:07.000Z,,false,0,AppleAppStore
65a10ed1a9998006ebc1e425,65a0ebbda9998006ebc1e2ab,150001648138936,150001648138936,com.ethinx.cymasphere.pro.monthly,2024-01-26T10:04:55.000Z,2024-02-26T10:04:55.000Z,,false,0,AppleAppStore
65a118a3a9998006ebc1e56c,65a1183fa9998006ebc1e55e,320001686940146,320001686940146,com.ethinx.cymasphere.pro.monthly,2024-01-12T10:46:55.000Z,2024-01-26T10:46:55.000Z,,false,0,AppleAppStore
65a12e64a9998006ebc1e6af,65a12dfea9998006ebc1e69d,20001437818296,20001437818296,com.ethinx.cymasphere.pro.monthly,2024-01-26T12:19:42.000Z,2024-02-26T12:19:42.000Z,,false,0,AppleAppStore
65a13875a9998006ebc1e82e,65a137e6a9998006ebc1e81a,320001687041220,320001687041220,com.ethinx.cymasphere.pro.monthly,2024-01-12T13:02:41.000Z,2024-01-26T13:02:41.000Z,,false,0,AppleAppStore
65a1474fa9998006ebc1e978,65a14641a9998006ebc1e94e,170001996387708,170001996387708,com.ethinx.cymasphere.pro.monthly,2024-01-12T14:05:58.000Z,2024-01-26T14:05:58.000Z,,false,0,AppleAppStore
65a178dda9998006ebc1ee15,65a177bda9998006ebc1edd5,590001458166025,590001458166025,com.ethinx.cymasphere.pro.monthly,2024-01-12T17:37:29.000Z,2024-01-26T17:37:29.000Z,,false,0,AppleAppStore
65a1c11ea9998006ebc1f4e0,65a1c0c4a9998006ebc1f4c8,30001883315009,30001883315009,com.ethinx.cymasphere.pro.monthly,2024-01-12T22:45:46.000Z,2024-01-26T22:45:46.000Z,,false,0,AppleAppStore
65a203bba9998006ebc20617,6518f8ef97583ec124989697,440001687458792,440001687458792,com.ethinx.cymasphere.pro.monthly,2024-01-13T03:29:56.000Z,2024-01-27T03:29:56.000Z,,false,0,AppleAppStore
65a28f62a9998006ebc227c4,65a28edda9998006ebc22793,360001709067009,360001709067009,com.ethinx.cymasphere.pro.monthly,2024-01-13T13:25:49.000Z,2024-01-27T13:25:49.000Z,,false,0,AppleAppStore
65a29c36a9998006ebc22b39,65a29b9ea9998006ebc22af8,590001458990639,590001458990639,com.ethinx.cymasphere.pro.monthly,2024-01-13T14:20:32.000Z,2024-01-27T14:20:32.000Z,,false,0,AppleAppStore
65a2a24ca9998006ebc22ec5,65a2a1dba9998006ebc22e71,430001681407104,430001681407104,com.ethinx.cymasphere.pro.monthly,2024-01-13T14:46:32.000Z,2024-01-27T14:46:32.000Z,,false,0,AppleAppStore
65a2dafba9998006ebc23dac,65a2d982a9998006ebc23d8d,140002046188973,140002046188973,com.ethinx.cymasphere.pro.monthly,2024-01-13T18:48:22.000Z,2024-01-27T18:48:22.000Z,,false,0,AppleAppStore
65a2ea6ba9998006ebc23ee9,65a2e948a9998006ebc23ec3,600001438966585,600001438966585,com.ethinx.cymasphere.pro.monthly,2024-01-13T19:54:10.000Z,2024-01-27T19:54:10.000Z,,false,0,AppleAppStore
65a345fea9998006ebc24380,65a345b8a9998006ebc24363,120002101252820,120002101252820,com.ethinx.cymasphere.pro.monthly,2024-02-28T02:24:57.000Z,2024-03-28T01:24:57.000Z,,false,0,AppleAppStore
65a37ecfa9998006ebc2454d,65a37e7da9998006ebc24539,60001723788264,60001723788264,com.ethinx.cymasphere.pro.monthly,2024-01-28T06:27:22.000Z,2024-02-28T06:27:22.000Z,,false,0,AppleAppStore
65a3c12da9998006ebc24d9c,65a2fa8ea9998006ebc24050,420001744049273,420001744049273,com.ethinx.cymasphere.pro.monthly,2024-01-14T11:10:32.000Z,2024-01-28T11:10:32.000Z,,false,0,AppleAppStore
65a4012fa9998006ebc252cd,65a4009da9998006ebc252b9,120002101986038,120002101986038,com.ethinx.cymasphere.pro.monthly,2024-03-28T14:43:37.000Z,2024-04-28T14:43:37.000Z,,false,0,AppleAppStore
65a42912a9998006ebc25475,65a42844a9998006ebc25456,300001703329346,300001703329346,com.ethinx.cymasphere.pro.monthly,2024-01-14T18:33:49.000Z,2024-01-28T18:33:49.000Z,,false,0,AppleAppStore
65a442f2a9998006ebc2569c,65a44241a9998006ebc2567c,450001667645045,450001667645045,com.ethinx.cymasphere.pro.monthly,2024-01-14T20:24:04.000Z,2024-01-28T20:24:04.000Z,,false,0,AppleAppStore
65a46eeaa9998006ebc25953,65a46e97a9998006ebc2593e,420001744660734,420001744660734,com.ethinx.cymasphere.pro.monthly,2024-01-14T23:31:50.000Z,2024-01-28T23:31:50.000Z,,false,0,AppleAppStore
65a4d90fa9998006ebc25cba,65a4cfe2a9998006ebc25c4f,30001886084313,30001886084313,com.ethinx.cymasphere.pro.monthly,2024-01-15T07:04:40.000Z,2024-01-29T07:04:40.000Z,,false,0,AppleAppStore
65a55ea6a9998006ebc260d6,6598c71e2dc8db1efedf0597,190001869126267,190001869126267,com.ethinx.cymasphere.pro.monthly,2024-01-15T16:34:41.000Z,2024-01-29T16:34:41.000Z,,false,0,AppleAppStore
65a56ef3a9998006ebc261d6,65a56e89a9998006ebc261ad,590001461147678,590001461147678,com.ethinx.cymasphere.pro.monthly,2024-01-15T17:44:13.000Z,2024-01-29T17:44:13.000Z,,false,0,AppleAppStore
65a571eaa9998006ebc262d2,65a57188a9998006ebc262a6,540001432098658,540001432098658,com.ethinx.cymasphere.pro.monthly,2024-01-15T17:56:54.000Z,2024-01-29T17:56:54.000Z,,false,0,AppleAppStore
65a5baa14b4c2ccb0a8f1ddd,65a5b9b352deecf05a80a299,720001356837800,720001356837800,com.ethinx.cymasphere.pro.monthly,2024-01-15T23:07:04.000Z,2024-01-29T23:07:04.000Z,,false,0,AppleAppStore
65a5ce0763e098a7c254d9f1,65a5c67463e098a7c254d7f0,730001347932313,730001347932313,com.ethinx.cymasphere.pro.monthly,2024-01-30T00:29:52.000Z,2024-03-01T00:29:52.000Z,,false,0,AppleAppStore
65a5efa663e098a7c254dd27,65a5ee9963e098a7c254dd08,490001603303546,490001603303546,com.ethinx.cymasphere.pro.monthly,2024-01-16T02:53:19.000Z,2024-01-30T02:53:19.000Z,,false,0,AppleAppStore
65a60437516e92eed7a8625f,65a603d2516e92eed7a86245,590001461557945,590001461557945,com.ethinx.cymasphere.pro.annual,2024-01-16T04:21:06.000Z,2024-01-30T04:21:06.000Z,,false,0,AppleAppStore
65a60481516e92eed7a86292,65a603f8516e92eed7a8624e,410001809207049,410001809207049,com.ethinx.cymasphere.pro.monthly,2024-01-16T04:22:20.000Z,2024-01-30T04:22:20.000Z,,false,0,AppleAppStore
65a604cc516e92eed7a862b5,65a6044c516e92eed7a8626b,170002001149328,170002001149328,com.ethinx.cymasphere.pro.monthly,2024-01-16T04:23:33.000Z,2024-01-30T04:23:33.000Z,,false,0,AppleAppStore
65a60873516e92eed7a86384,65a60816516e92eed7a86373,30001887129778,30001887129778,com.ethinx.cymasphere.pro.monthly,2024-01-30T04:39:10.000Z,2024-03-01T04:39:10.000Z,,false,0,AppleAppStore
65a60d4e516e92eed7a86484,656acd8292ceafbcbc98e655,700001400616803,700001400616803,com.ethinx.cymasphere.pro.monthly,2024-03-15T19:42:50.000Z,2024-04-15T19:42:50.000Z,,false,0,AppleAppStore
65a613040fe12dd3846ba13a,65a611d60fe12dd3846ba118,340001419386825,340001419386825,com.ethinx.cymasphere.pro.monthly,2024-01-16T05:24:15.000Z,2024-01-30T05:24:15.000Z,,false,0,AppleAppStore
65a6264b0fe12dd3846ba214,65a625550fe12dd3846ba1e0,360001712139142,360001712139142,com.ethinx.cymasphere.pro.monthly,2024-01-16T06:44:02.000Z,2024-01-30T06:44:02.000Z,,false,0,AppleAppStore
65a6af4d0fe12dd3846ba629,65954c43abacdda72d5e5f5c,110001971257619,110001971257619,com.ethinx.cymasphere.pro.monthly,2024-05-31T23:23:25.000Z,2024-06-30T23:23:25.000Z,,false,0,AppleAppStore
65a6b4ca0fe12dd3846ba665,65a6b4560fe12dd3846ba64f,340001419849768,340001419849768,com.ethinx.cymasphere.pro.monthly,2024-01-16T16:54:27.000Z,2024-01-30T16:54:27.000Z,,false,0,AppleAppStore
65a6b74f0fe12dd3846ba6b4,65a6b6dd0fe12dd3846ba6a3,340001419857317,340001419857317,com.ethinx.cymasphere.pro.monthly,2024-01-16T17:05:15.000Z,2024-01-30T17:05:15.000Z,,false,0,AppleAppStore
65a6da8bf2f845360bb0d95c,65a6da01f2f845360bb0d944,240001598401891,240001598401891,com.ethinx.cymasphere.pro.monthly,2024-01-16T19:35:34.000Z,2024-01-30T19:35:34.000Z,,false,0,AppleAppStore
65a6e470f2f845360bb0da05,65a6e40ff2f845360bb0d9f6,150001653236885,150001653236885,com.ethinx.cymasphere.pro.monthly,2024-01-30T20:17:47.000Z,2024-02-29T20:17:47.000Z,,false,0,AppleAppStore
65a6eabff2f845360bb0da66,65a6ea45f2f845360bb0da56,560001425214437,560001425214437,com.ethinx.cymasphere.pro.monthly,2024-01-16T20:44:42.000Z,2024-01-30T20:44:42.000Z,,false,0,AppleAppStore
65a6f10bf2f845360bb0db80,65a6ef9ef2f845360bb0db1b,510001454521103,510001454521103,com.ethinx.cymasphere.pro.monthly,2024-01-16T21:11:33.000Z,2024-01-30T21:11:33.000Z,,false,0,AppleAppStore
65a72411f2f845360bb0e680,65a7156af2f845360bb0e487,350001833486613,350001833486613,com.ethinx.cymasphere.pro.monthly,2024-01-31T00:49:15.000Z,2024-03-01T00:49:15.000Z,,false,0,AppleAppStore
65a737b1f2f845360bb0e7f5,65a7376bf2f845360bb0e7e7,260001691730094,260001691730094,com.ethinx.cymasphere.pro.monthly,2024-01-17T02:13:01.000Z,2024-01-31T02:13:01.000Z,,false,0,AppleAppStore
65a82af4f2f845360bb0fce5,65a82a13f2f845360bb0fcd1,210001643017887,210001643017887,com.ethinx.cymasphere.pro.monthly,2024-01-17T19:30:55.000Z,2024-01-31T19:30:55.000Z,,false,0,AppleAppStore
65a85479f2f845360bb0ff42,65320a2397583ec12498ffef,350001834520206,350001834520206,com.ethinx.cymasphere.pro.monthly,2024-01-17T22:28:06.000Z,2024-01-31T22:28:06.000Z,,false,0,AppleAppStore
65a85c7cf2f845360bb0ffef,65a85ba1f2f845360bb0ffdd,700001402180921,700001402180921,com.ethinx.cymasphere.pro.monthly,2024-01-17T23:02:16.000Z,2024-01-31T23:02:16.000Z,,false,0,AppleAppStore
65a96dcbf2f845360bb10cac,65a96c55f2f845360bb10c91,140002052784972,140002052784972,com.ethinx.cymasphere.pro.monthly,2024-02-01T18:28:21.000Z,2024-03-01T18:28:21.000Z,,false,0,AppleAppStore
65aa2d7cf2c4f1dd5b9df0b2,65aa2cc6f2c4f1dd5b9df0a4,110001974555279,110001974555279,com.ethinx.cymasphere.pro.monthly,2024-01-19T08:06:17.000Z,2024-02-02T08:06:17.000Z,,false,0,AppleAppStore
65aad69ef2c4f1dd5b9e1da5,65aad53ef2c4f1dd5b9e1d23,350001836849126,350001836849126,com.ethinx.cymasphere.pro.monthly,2024-01-19T20:07:48.000Z,2024-02-02T20:07:48.000Z,,false,0,AppleAppStore
65ab3515f2c4f1dd5b9e2412,65ab348bf2c4f1dd5b9e23f4,500001608302188,500001608302188,com.ethinx.cymasphere.pro.monthly,2024-01-20T02:50:58.000Z,2024-02-03T02:50:58.000Z,,false,0,AppleAppStore
65abb4b9f2c4f1dd5b9e29e5,65abb450f2c4f1dd5b9e29d4,320001695451532,320001695451532,com.ethinx.cymasphere.pro.monthly,2024-01-20T11:55:28.000Z,2024-02-03T11:55:28.000Z,,false,0,AppleAppStore
65abc99bf2c4f1dd5b9e2aca,65abc8b1f2c4f1dd5b9e2ab4,700001404639164,700001404639164,com.ethinx.cymasphere.pro.monthly,2024-01-20T13:24:38.000Z,2024-02-03T13:24:38.000Z,,false,0,AppleAppStore
65ac1488f2c4f1dd5b9e2fae,65ac140ff2c4f1dd5b9e2f94,190001875510165,190001875510165,com.ethinx.cymasphere.pro.monthly,2024-01-20T18:44:20.000Z,2024-02-03T18:44:20.000Z,,false,0,AppleAppStore
65ac180bf2c4f1dd5b9e305b,65ac16e8f2c4f1dd5b9e3041,460001778015577,460001778015577,com.ethinx.cymasphere.pro.monthly,2024-01-20T18:59:18.000Z,2024-02-03T18:59:18.000Z,,false,0,AppleAppStore
65ac4367f2c4f1dd5b9e3401,65a9ef2bf2f845360bb111f5,120002110576387,120002110576387,com.ethinx.cymasphere.pro.monthly,2024-01-20T22:04:16.000Z,2024-02-03T22:04:16.000Z,,false,0,AppleAppStore
65ac7e4ef2c4f1dd5b9e362d,65ac7df4f2c4f1dd5b9e361f,60001731664199,60001731664199,com.ethinx.cymasphere.pro.monthly,2024-01-21T02:15:37.000Z,2024-02-04T02:15:37.000Z,,false,0,AppleAppStore
65acb635f2c4f1dd5b9e380c,65acb4fef2c4f1dd5b9e37d0,190001876156701,190001876156701,com.ethinx.cymasphere.pro.monthly,2024-01-21T06:14:08.000Z,2024-02-04T06:14:08.000Z,,false,0,AppleAppStore
65ad4ed5f2c4f1dd5b9e3e35,65ad4e7af2c4f1dd5b9e3e27,190001876736847,190001876736847,com.ethinx.cymasphere.pro.monthly,2024-01-21T17:05:18.000Z,2024-02-04T17:05:18.000Z,,false,0,AppleAppStore
65adb7def2c4f1dd5b9e4300,65adb78ef2c4f1dd5b9e42ef,590001467298580,590001467298580,com.ethinx.cymasphere.pro.monthly,2024-01-22T00:33:30.000Z,2024-02-05T00:33:30.000Z,,false,0,AppleAppStore
65ae26bff2c4f1dd5b9e45f9,65ae25b7f2c4f1dd5b9e45d9,170002009118532,170002009118532,com.ethinx.cymasphere.pro.monthly,2024-01-22T08:26:35.000Z,2024-02-05T08:26:35.000Z,,false,0,AppleAppStore
65ae29e4f2c4f1dd5b9e4680,65ae2527f2c4f1dd5b9e45d0,420001753063578,420001753063578,com.ethinx.cymasphere.pro.monthly,2024-04-04T07:09:32.000Z,2024-05-04T07:09:32.000Z,,false,0,AppleAppStore
65ae3755f2c4f1dd5b9e4758,65ae36e8f2c4f1dd5b9e4749,560001430388926,560001430388926,com.ethinx.cymasphere.pro.monthly,2024-01-22T09:37:21.000Z,2024-02-05T09:37:21.000Z,,false,0,AppleAppStore
65ae7856f2c4f1dd5b9e49c2,65ae781af2c4f1dd5b9e49b4,240001603098572,240001603098572,com.ethinx.cymasphere.pro.monthly,2024-01-22T14:14:42.000Z,2024-02-05T14:14:42.000Z,,false,0,AppleAppStore
65ae8b61f2c4f1dd5b9e4ae2,65ae8a3cf2c4f1dd5b9e4a9e,560001430619605,560001430619605,com.ethinx.cymasphere.pro.monthly,2024-01-22T15:35:56.000Z,2024-02-05T15:35:56.000Z,,false,0,AppleAppStore
65afd99ef2c4f1dd5b9e56de,65ad7957f2c4f1dd5b9e40a0,600001448223137,600001448223137,com.ethinx.cymasphere.pro.annual,2024-01-23T15:21:59.000Z,2024-02-06T15:21:59.000Z,,false,0,AppleAppStore
65afeadbf2c4f1dd5b9e584a,65afea48f2c4f1dd5b9e5835,540001439428341,540001439428341,com.ethinx.cymasphere.pro.monthly,2024-01-23T16:35:35.000Z,2024-02-06T16:35:35.000Z,,false,0,AppleAppStore
65b01b03f2c4f1dd5b9e5a26,65b019d6f2c4f1dd5b9e59eb,360001720574710,360001720574710,com.ethinx.cymasphere.pro.monthly,2024-01-23T20:01:01.000Z,2024-02-06T20:01:01.000Z,,false,0,AppleAppStore
65b0e9d8f2c4f1dd5b9e6140,65b0e977f2c4f1dd5b9e6132,510001461891685,510001461891685,com.ethinx.cymasphere.pro.monthly,2024-01-24T10:43:31.000Z,2024-02-07T10:43:31.000Z,,false,0,AppleAppStore
65b126eaf2c4f1dd5b9e62ce,65b12656f2c4f1dd5b9e62b9,140002060570001,140002060570001,com.ethinx.cymasphere.pro.monthly,2024-01-24T15:04:06.000Z,2024-02-07T15:04:06.000Z,,false,0,AppleAppStore
65b12859f2c4f1dd5b9e6300,65b127b8f2c4f1dd5b9e62ef,540001440237573,540001440237573,com.ethinx.cymasphere.pro.monthly,2024-01-24T15:10:13.000Z,2024-02-07T15:10:13.000Z,,false,0,AppleAppStore
65b14fd7f2c4f1dd5b9e64c0,65b14f31f2c4f1dd5b9e64b0,120002115705714,120002115705714,com.ethinx.cymasphere.pro.monthly,2024-01-24T17:58:43.000Z,2024-02-07T17:58:43.000Z,,false,0,AppleAppStore
65b22ae4f2c4f1dd5b9e6efe,65b22684f2c4f1dd5b9e6eda,440001701205667,440001701205667,com.ethinx.cymasphere.pro.monthly,2024-01-25T09:33:19.000Z,2024-02-08T09:33:19.000Z,,false,0,AppleAppStore
65b2c7a0f2c4f1dd5b9e77d5,65b2c6d3f2c4f1dd5b9e77ae,550001661606059,550001661606059,com.ethinx.cymasphere.pro.monthly,2024-01-25T20:42:02.000Z,2024-02-08T20:42:02.000Z,,false,0,AppleAppStore
65b2d1cef2c4f1dd5b9e78b2,65b2d16ef2c4f1dd5b9e78a2,190001881874021,190001881874021,com.ethinx.cymasphere.pro.monthly,2024-01-25T21:25:29.000Z,2024-02-08T21:25:29.000Z,,false,0,AppleAppStore
65b3350bf2c4f1dd5b9e7e46,65b334c5f2c4f1dd5b9e7e35,490001613428215,490001613428215,com.ethinx.cymasphere.pro.monthly,2024-01-26T04:28:55.000Z,2024-02-09T04:28:55.000Z,,false,0,AppleAppStore
65b338abf2c4f1dd5b9e7eba,65b337c7f2c4f1dd5b9e7e9c,490001613440641,490001613440641,com.ethinx.cymasphere.pro.monthly,2024-01-26T04:44:22.000Z,2024-02-09T04:44:22.000Z,,false,0,AppleAppStore
65b3940af2c4f1dd5b9e82a4,65b39380f2c4f1dd5b9e8293,330001645001455,330001645001455,com.ethinx.cymasphere.pro.monthly,2024-01-26T11:14:14.000Z,2024-02-09T11:14:14.000Z,,false,0,AppleAppStore
65b3cdf7f2c4f1dd5b9e8653,65b3cd92f2c4f1dd5b9e8640,20001448696849,20001448696849,com.ethinx.cymasphere.pro.monthly,2024-01-26T15:21:21.000Z,2024-02-09T15:21:21.000Z,,false,0,AppleAppStore
65b3db8ff2c4f1dd5b9e870d,65b3db08f2c4f1dd5b9e86fa,350001845020540,350001845020540,com.ethinx.cymasphere.pro.monthly,2024-01-26T16:19:21.000Z,2024-02-09T16:19:21.000Z,,false,0,AppleAppStore
65b3f358f2c4f1dd5b9e88e5,65b3f2ddf2c4f1dd5b9e88ce,400001457046126,400001457046126,com.ethinx.cymasphere.pro.monthly,2024-03-09T18:00:51.000Z,2024-04-09T17:00:51.000Z,,false,0,AppleAppStore
65b46aa3f2c4f1dd5b9e8ed3,65b441c9f2c4f1dd5b9e8da1,1180000003293211,1180000003293211,com.ethinx.cymasphere.pro.monthly,2024-01-27T02:29:51.000Z,2024-02-10T02:29:51.000Z,,false,0,AppleAppStore
65b4b79ff2c4f1dd5b9e94fa,65b4b658f2c4f1dd5b9e9490,1220000003521320,1220000003521320,com.ethinx.cymasphere.pro.monthly,2024-01-27T07:58:17.000Z,2024-02-10T07:58:17.000Z,,false,0,AppleAppStore
65b5181cf2c4f1dd5b9e997f,65b301e2f2c4f1dd5b9e7b7d,420001759047857,420001759047857,com.ethinx.cymasphere.pro.monthly,2024-01-27T14:49:56.000Z,2024-02-10T14:49:56.000Z,,false,0,AppleAppStore
65b5529df2c4f1dd5b9e9e48,65b55228f2c4f1dd5b9e9e30,90001866291448,90001866291448,com.ethinx.cymasphere.pro.monthly,2024-01-27T18:59:37.000Z,2024-02-10T18:59:37.000Z,,false,0,AppleAppStore
65b5602df2c4f1dd5b9e9f61,65b55b6df2c4f1dd5b9e9efe,290001758304109,290001758304109,com.ethinx.cymasphere.pro.monthly,2024-01-27T19:57:30.000Z,2024-02-10T19:57:30.000Z,,false,0,AppleAppStore
65b57407f2c4f1dd5b9ea290,65b572fcf2c4f1dd5b9ea263,360001725220586,360001725220586,com.ethinx.cymasphere.pro.monthly,2024-01-27T21:22:09.000Z,2024-02-10T21:22:09.000Z,,false,0,AppleAppStore
65b595cef2c4f1dd5b9ea608,65b59546f2c4f1dd5b9ea5e9,80001571118034,80001571118034,com.ethinx.cymasphere.pro.monthly,2024-01-27T23:46:11.000Z,2024-02-10T23:46:11.000Z,,false,0,AppleAppStore
65b5bf26f2c4f1dd5b9ea942,65b5be8cf2c4f1dd5b9ea90b,720001368054473,720001368054473,com.ethinx.cymasphere.pro.monthly,2024-01-28T02:42:41.000Z,2024-02-11T02:42:41.000Z,,false,0,AppleAppStore
65b65018f2c4f1dd5b9eae47,65b610a2f2c4f1dd5b9eac1a,60001740285431,60001740285431,com.ethinx.cymasphere.pro.monthly,2024-01-28T13:01:07.000Z,2024-02-11T13:01:07.000Z,,false,0,AppleAppStore
65b65ebbf2c4f1dd5b9eaee5,64b06d0cffbd6ecbad6efd61,480001791893593,480001791893593,com.ethinx.cymasphere.pro.monthly,2024-01-28T13:59:44.000Z,2024-02-11T13:59:44.000Z,,false,0,AppleAppStore
65b69617f2c4f1dd5b9eb763,65b69579f2c4f1dd5b9eb750,1220000005339297,1220000005339297,com.ethinx.cymasphere.pro.annual,2024-01-28T17:59:44.000Z,2024-02-11T17:59:44.000Z,,false,0,AppleAppStore
65b6a4f1f2c4f1dd5b9eb91b,65b6a38df2c4f1dd5b9eb8d7,120002121458525,120002121458525,com.ethinx.cymasphere.pro.monthly,2024-01-28T19:02:31.000Z,2024-02-11T19:02:31.000Z,,false,0,AppleAppStore
65b6addcf2c4f1dd5b9eb9f9,65b6ad83f2c4f1dd5b9eb9e6,110001986738231,110001986738231,com.ethinx.cymasphere.pro.monthly,2024-01-28T19:41:12.000Z,2024-02-11T19:41:12.000Z,,false,0,AppleAppStore
65b6dd06f2c4f1dd5b9ebd6f,65b6dc92f2c4f1dd5b9ebd5c,340001431657689,340001431657689,com.ethinx.cymasphere.pro.monthly,2024-01-28T23:02:26.000Z,2024-02-11T23:02:26.000Z,,false,0,AppleAppStore
65b74bbff2c4f1dd5b9ec2a6,65b74b7cf2c4f1dd5b9ec299,550001665407323,550001665407323,com.ethinx.cymasphere.pro.monthly,2024-01-29T06:54:50.000Z,2024-02-12T06:54:50.000Z,,false,0,AppleAppStore
65b78004f2c4f1dd5b9ec3f2,65b77d28f2c4f1dd5b9ec3d5,360001727037707,360001727037707,com.ethinx.cymasphere.pro.monthly,2024-01-29T10:37:51.000Z,2024-02-12T10:37:51.000Z,,false,0,AppleAppStore
65b78f25f2c4f1dd5b9ec481,65b6a5fcf2c4f1dd5b9eb96c,300001720038040,300001720038040,com.ethinx.cymasphere.pro.monthly,2024-01-29T11:42:23.000Z,2024-02-12T11:42:23.000Z,,false,0,AppleAppStore
65b7d74df2c4f1dd5b9ec72d,65b7d6b2f2c4f1dd5b9ec716,1210000004984840,1210000004984840,com.ethinx.cymasphere.pro.monthly,2024-01-29T16:50:15.000Z,2024-02-12T16:50:15.000Z,,false,0,AppleAppStore
65b82ca3f2c4f1dd5b9ecd02,65b82c1ff2c4f1dd5b9eccdf,120002123036370,120002123036370,com.ethinx.cymasphere.pro.annual,2024-01-29T22:54:21.000Z,2024-02-12T22:54:21.000Z,,false,0,AppleAppStore
65b875f8f2c4f1dd5b9ed7b6,65b8759ef2c4f1dd5b9ed797,210001653837729,210001653837729,com.ethinx.cymasphere.pro.monthly,2024-02-13T04:07:17.000Z,2024-03-13T03:07:17.000Z,,false,0,AppleAppStore
65b8fbd0f2c4f1dd5b9ee345,65b8faf9f2c4f1dd5b9ee32b,110001988896482,110001988896482,com.ethinx.cymasphere.pro.monthly,2024-01-30T13:38:20.000Z,2024-02-13T13:38:20.000Z,,false,0,AppleAppStore
65b90365f2c4f1dd5b9ee3c7,65b90306f2c4f1dd5b9ee3b8,220001884424833,220001884424833,com.ethinx.cymasphere.pro.monthly,2024-01-30T14:10:41.000Z,2024-02-13T14:10:41.000Z,,false,0,AppleAppStore
65b91b11f2c4f1dd5b9ee542,65b91aa3f2c4f1dd5b9ee52b,450001684265503,450001684265503,com.ethinx.cymasphere.pro.monthly,2024-01-30T15:51:41.000Z,2024-02-13T15:51:41.000Z,,false,0,AppleAppStore
65ba2010f2c4f1dd5b9ef2a1,65ba1df9f2c4f1dd5b9ef288,490001618895185,490001618895185,com.ethinx.cymasphere.pro.monthly,2024-01-31T10:25:07.000Z,2024-02-14T10:25:07.000Z,,false,0,AppleAppStore
65ba340af2c4f1dd5b9ef38e,65ba330ef2c4f1dd5b9ef362,480001795284615,480001795284615,com.ethinx.cymasphere.pro.monthly,2024-01-31T11:50:13.000Z,2024-02-14T11:50:13.000Z,,false,0,AppleAppStore
65ba9728f2c4f1dd5b9ef66e,65ba96baf2c4f1dd5b9ef65f,120002125459812,120002125459812,com.ethinx.cymasphere.pro.monthly,2024-01-31T18:53:23.000Z,2024-02-14T18:53:23.000Z,,false,0,AppleAppStore
65bac8b7f2c4f1dd5b9ef826,65bac61df2c4f1dd5b9ef800,260001708731004,260001708731004,com.ethinx.cymasphere.pro.monthly,2024-01-31T22:24:52.000Z,2024-02-14T22:24:52.000Z,,false,0,AppleAppStore
65bacaf5f2c4f1dd5b9ef8f7,65bac975f2c4f1dd5b9ef85e,730001362227143,730001362227143,com.ethinx.cymasphere.pro.monthly,2024-01-31T22:34:23.000Z,2024-02-14T22:34:23.000Z,,false,0,AppleAppStore
65bb37fdf2c4f1dd5b9efbe7,65bb3765f2c4f1dd5b9efbd6,440001709235674,440001709235674,com.ethinx.cymasphere.pro.monthly,2024-02-01T06:19:36.000Z,2024-02-15T06:19:36.000Z,,false,0,AppleAppStore
65bc497ef2c4f1dd5b9f0523,65bc48a5f2c4f1dd5b9f0514,230001928848723,230001928848723,com.ethinx.cymasphere.pro.monthly,2024-02-02T01:46:34.000Z,2024-02-16T01:46:34.000Z,,false,0,AppleAppStore
65bc8765f2c4f1dd5b9f078d,65bc86d9f2c4f1dd5b9f0779,520001599690922,520001599690922,com.ethinx.cymasphere.pro.monthly,2024-02-02T06:10:40.000Z,2024-02-16T06:10:40.000Z,,false,0,AppleAppStore
65bcbac6f2c4f1dd5b9f0a37,65bcba36f2c4f1dd5b9f09fb,550001669834649,550001669834649,com.ethinx.cymasphere.pro.monthly,2024-02-02T09:49:54.000Z,2024-02-16T09:49:54.000Z,,false,0,AppleAppStore
65bdf4d4f2c4f1dd5b9f1634,65bdf453f2c4f1dd5b9f1626,60001747173704,60001747173704,com.ethinx.cymasphere.pro.monthly,2024-04-17T07:09:51.000Z,2024-05-17T07:09:51.000Z,,false,0,AppleAppStore
65be7c86f2c4f1dd5b9f1b28,65be7bdaf2c4f1dd5b9f1b15,170002021607821,170002021607821,com.ethinx.cymasphere.pro.monthly,2024-02-03T17:48:49.000Z,2024-02-17T17:48:49.000Z,,false,0,AppleAppStore
65bf259fce073788bfdb0097,65bf24ccce073788bfdb0081,720001374867873,720001374867873,com.ethinx.cymasphere.pro.monthly,2024-02-04T05:50:14.000Z,2024-02-18T05:50:14.000Z,,false,0,AppleAppStore
65bf620fce073788bfdb02c6,65bf5205ce073788bfdb024a,460001795424605,460001795424605,com.ethinx.cymasphere.pro.monthly,2024-02-18T10:07:20.000Z,2024-03-18T09:07:20.000Z,,false,0,AppleAppStore
65bf62f3ce073788bfdb0311,65bf61d2ce073788bfdb02c0,730001365608761,730001365608761,com.ethinx.cymasphere.pro.monthly,2024-02-04T10:11:56.000Z,2024-02-18T10:11:56.000Z,,false,0,AppleAppStore
65bfc34dce073788bfdb0913,65bfc035ce073788bfdb08f8,500001624378497,500001624378497,com.ethinx.cymasphere.pro.monthly,2024-02-04T17:03:04.000Z,2024-02-18T17:03:04.000Z,,false,0,AppleAppStore
65bfcf7ace073788bfdb0a0e,65bfce5ece073788bfdb09ff,570001439028751,570001439028751,com.ethinx.cymasphere.pro.monthly,2024-10-18T16:55:02.000Z,2024-11-18T17:55:02.000Z,,false,0,AppleAppStore
65bff0b3ce073788bfdb0ad5,65bfe592ce073788bfdb0a9b,280001757334139,280001757334139,com.ethinx.cymasphere.pro.monthly,2024-02-04T20:16:46.000Z,2024-02-18T20:16:46.000Z,,false,0,AppleAppStore
65bff2cace073788bfdb0b99,65bff24ece073788bfdb0b76,220001891296043,220001891296043,com.ethinx.cymasphere.pro.monthly,2024-02-04T20:25:35.000Z,2024-02-18T20:25:35.000Z,,false,0,AppleAppStore
65c029d2ce073788bfdb0f05,65c02909ce073788bfdb0eec,340001438662663,340001438662663,com.ethinx.cymasphere.pro.monthly,2024-02-05T00:20:29.000Z,2024-02-19T00:20:29.000Z,,false,0,AppleAppStore
65c032f7ce073788bfdb0f6a,65c0329ace073788bfdb0f5b,450001690102414,450001690102414,com.ethinx.cymasphere.pro.monthly,2024-02-05T00:59:32.000Z,2024-02-19T00:59:32.000Z,,false,0,AppleAppStore
65c11d4ece073788bfdb14b9,65c11c20ce073788bfdb149d,530001629601638,530001629601638,com.ethinx.cymasphere.pro.monthly,2025-01-19T17:39:21.000Z,2025-02-19T17:39:21.000Z,,false,0,AppleAppStore
65c20068ce073788bfdb1c78,65c1fff9ce073788bfdb1c69,590001482560269,590001482560269,com.ethinx.cymasphere.pro.monthly,2024-02-06T09:48:19.000Z,2024-02-20T09:48:19.000Z,,false,0,AppleAppStore
65c29ba6ce073788bfdb257a,65c29b55ce073788bfdb256b,260001715930180,260001715930180,com.ethinx.cymasphere.pro.monthly,2024-02-06T20:50:42.000Z,2024-02-20T20:50:42.000Z,,false,0,AppleAppStore
65c3011cce073788bfdb296d,65c2ffbfce073788bfdb294f,180001943920480,180001943920480,com.ethinx.cymasphere.pro.monthly,2024-02-07T04:03:17.000Z,2024-02-21T04:03:17.000Z,,false,0,AppleAppStore
65c302c3ce073788bfdb29be,65c3025bce073788bfdb29ad,270001653660565,270001653660565,com.ethinx.cymasphere.pro.monthly,2024-02-07T04:10:39.000Z,2024-02-21T04:10:39.000Z,,false,0,AppleAppStore
65c32963ce073788bfdb2a8e,65c3283fce073788bfdb2a79,310001719030618,310001719030618,com.ethinx.cymasphere.pro.annual,2024-02-07T06:55:27.000Z,2024-02-21T06:55:27.000Z,,false,0,AppleAppStore
65c38b04ce073788bfdb2cbf,65c256a8ce073788bfdb2183,390001254697822,390001254697822,com.ethinx.cymasphere.pro.annual,2024-02-07T13:51:54.000Z,2024-02-21T13:51:54.000Z,,false,0,AppleAppStore
65c396dcce073788bfdb2d19,65c395efce073788bfdb2d02,430001710015387,430001710015387,com.ethinx.cymasphere.pro.monthly,2024-02-07T14:42:31.000Z,2024-02-21T14:42:31.000Z,,false,0,AppleAppStore
65c3b330ce073788bfdb2e4e,65c3b298ce073788bfdb2e35,570001441864405,570001441864405,com.ethinx.cymasphere.pro.monthly,2024-02-07T16:43:21.000Z,2024-02-21T16:43:21.000Z,,false,0,AppleAppStore
65c3e221ce073788bfdb3185,65350f8097583ec124990a37,560001446072761,560001446072761,com.ethinx.cymasphere.pro.monthly,2024-02-07T20:03:41.000Z,2024-02-21T20:03:41.000Z,,false,0,AppleAppStore
65c436b3ce073788bfdb3451,65c325f6ce073788bfdb2a6e,440001717326062,440001717326062,com.ethinx.cymasphere.pro.monthly,2024-02-08T02:04:31.000Z,2024-02-22T02:04:31.000Z,,false,0,AppleAppStore
65c45dbece073788bfdb3525,65c45a3fce073788bfdb3504,540001454159655,540001454159655,com.ethinx.cymasphere.pro.monthly,2024-02-22T04:51:06.000Z,2024-03-22T03:51:06.000Z,,false,0,AppleAppStore
65c473dcce073788bfdb37c7,65c47268ce073788bfdb377b,350001860482410,350001860482410,com.ethinx.cymasphere.pro.monthly,2024-02-08T06:25:26.000Z,2024-02-22T06:25:26.000Z,,false,0,AppleAppStore
65c4f01dce073788bfdb3fa5,65c4eb15ce073788bfdb3f7b,230001937356837,230001937356837,com.ethinx.cymasphere.pro.monthly,2024-02-08T15:15:37.000Z,2024-02-22T15:15:37.000Z,,false,0,AppleAppStore
65c4f25ace073788bfdb3fdd,65c4f1bece073788bfdb3fbf,190001895856365,190001895856365,com.ethinx.cymasphere.pro.annual,2024-02-08T15:25:05.000Z,2024-02-22T15:25:05.000Z,,false,0,AppleAppStore
65c4f9ffce073788bfdb40a8,65c4f91bce073788bfdb4095,400001466148457,400001466148457,com.ethinx.cymasphere.pro.monthly,2024-02-08T15:57:47.000Z,2024-02-22T15:57:47.000Z,,false,0,AppleAppStore
65c5905dce073788bfdb47b8,65c58fa7ce073788bfdb47aa,730001370048432,730001370048432,com.ethinx.cymasphere.pro.monthly,2024-02-09T02:39:21.000Z,2024-02-23T02:39:21.000Z,,false,0,AppleAppStore
65c5c59fce073788bfdb48e7,65c5c4e3ce073788bfdb48d8,90001880908558,90001880908558,com.ethinx.cymasphere.pro.monthly,2024-02-09T06:26:36.000Z,2024-02-23T06:26:36.000Z,,false,0,AppleAppStore
65c641fece073788bfdb4d12,65c64156ce073788bfdb4cf6,720001380207218,720001380207218,com.ethinx.cymasphere.pro.monthly,2024-02-09T15:17:11.000Z,2024-02-23T15:17:11.000Z,,false,0,AppleAppStore
65c74288ce073788bfdb5b61,65c74165ce073788bfdb5b20,220001898548421,220001898548421,com.ethinx.cymasphere.pro.monthly,2024-02-10T09:31:44.000Z,2024-02-24T09:31:44.000Z,,false,0,AppleAppStore
65c76d70ce073788bfdb5e92,65c76cf3ce073788bfdb5e7f,360001741392092,360001741392092,com.ethinx.cymasphere.pro.monthly,2024-02-10T12:34:47.000Z,2024-02-24T12:34:47.000Z,,false,0,AppleAppStore
65c777f4ce073788bfdb5fb6,65c7773dce073788bfdb5f97,410001839551826,410001839551826,com.ethinx.cymasphere.pro.monthly,2024-02-10T13:19:41.000Z,2024-02-24T13:19:41.000Z,,false,0,AppleAppStore
65c7e8b9ce073788bfdb669b,65c7e847ce073788bfdb6689,390001258081226,390001258081226,com.ethinx.cymasphere.pro.monthly,2024-02-10T21:20:52.000Z,2024-02-24T21:20:52.000Z,,false,0,AppleAppStore
65c7f2face073788bfdb67e8,65c7f274ce073788bfdb67c9,280001764962670,280001764962670,com.ethinx.cymasphere.pro.monthly,2024-02-10T22:04:37.000Z,2024-02-24T22:04:37.000Z,,false,0,AppleAppStore
65c8000ace073788bfdb68a0,65c7ffb6ce073788bfdb688f,430001714726756,430001714726756,com.ethinx.cymasphere.pro.monthly,2024-02-10T23:00:11.000Z,2024-02-24T23:00:11.000Z,,false,0,AppleAppStore
65c810e6ce073788bfdb694c,65c810adce073788bfdb693e,570001445523843,570001445523843,com.ethinx.cymasphere.pro.monthly,2024-02-11T00:12:16.000Z,2024-02-25T00:12:16.000Z,,false,0,AppleAppStore
65c85b01ce073788bfdb6bb2,65c85ab4ce073788bfdb6ba1,100001589965482,100001589965482,com.ethinx.cymasphere.pro.monthly,2024-02-11T05:28:29.000Z,2024-02-25T05:28:29.000Z,,false,0,AppleAppStore
65c8f97dce073788bfdb7268,65c8f908ce073788bfdb7256,450001697682707,450001697682707,com.ethinx.cymasphere.pro.monthly,2024-02-11T16:44:42.000Z,2024-02-25T16:44:42.000Z,,false,0,AppleAppStore
65c90e07ce073788bfdb7377,65c90d70ce073788bfdb7365,450001697757393,450001697757393,com.ethinx.cymasphere.pro.monthly,2024-02-11T18:11:51.000Z,2024-02-25T18:11:51.000Z,,false,0,AppleAppStore
65ca39abce073788bfdb7e5b,65ca3816ce073788bfdb7e3e,190001901452903,190001901452903,com.ethinx.cymasphere.pro.monthly,2024-02-12T15:30:44.000Z,2024-02-26T15:30:44.000Z,,false,0,AppleAppStore
65cb46a6ce073788bfdb8af8,65cb464ece073788bfdb8ae0,170002035011988,170002035011988,com.ethinx.cymasphere.pro.monthly,2024-02-13T10:38:25.000Z,2024-02-27T10:38:25.000Z,,false,0,AppleAppStore
65cb7bf2ce073788bfdb8c46,65ca9d9dce073788bfdb84ad,200001948687918,200001948687918,com.ethinx.cymasphere.pro.monthly,2024-02-13T14:25:48.000Z,2024-02-27T14:25:48.000Z,,false,0,AppleAppStore
65cb83c4ce073788bfdb8cca,65cb8389ce073788bfdb8cbd,270001662104418,270001662104418,com.ethinx.cymasphere.pro.monthly,2024-02-13T14:59:11.000Z,2024-02-27T14:59:11.000Z,,false,0,AppleAppStore
65cbd9e5ce073788bfdb9089,65cbd896ce073788bfdb906b,220001903053975,220001903053975,com.ethinx.cymasphere.pro.monthly,2024-02-13T21:06:41.000Z,2024-02-27T21:06:41.000Z,,false,0,AppleAppStore
65cd710b520aa9dc8223923c,65cd6fe4520aa9dc82239226,270001663934304,270001663934304,com.ethinx.cymasphere.pro.monthly,2024-02-15T02:03:50.000Z,2024-02-29T02:03:50.000Z,,false,0,AppleAppStore
65cdceaf520aa9dc8223933c,65cdc8b2520aa9dc82239324,540001461618979,540001461618979,com.ethinx.cymasphere.pro.annual,2024-02-29T08:43:20.000Z,2025-02-28T08:43:20.000Z,,false,0,AppleAppStore
65ce3d57520aa9dc82239608,65ce003c520aa9dc82239500,710001555157962,710001555157962,com.ethinx.cymasphere.pro.monthly,2024-02-15T16:35:31.000Z,2024-02-29T16:35:31.000Z,,false,0,AppleAppStore
65ce9665520aa9dc82239a10,65ce9564520aa9dc822399f4,180001956155910,180001956155910,com.ethinx.cymasphere.pro.monthly,2024-02-15T22:55:29.000Z,2024-02-29T22:55:29.000Z,,false,0,AppleAppStore
65cea281520aa9dc82239a95,65cea20f520aa9dc82239a76,20001464443089,20001464443089,com.ethinx.cymasphere.pro.monthly,2024-02-15T23:47:08.000Z,2024-02-29T23:47:08.000Z,,false,0,AppleAppStore
65cedf14520aa9dc8223a1b3,65cedeba520aa9dc8223a191,390001262911387,390001262911387,com.ethinx.cymasphere.pro.monthly,2024-02-16T04:05:36.000Z,2024-03-01T04:05:36.000Z,,false,0,AppleAppStore
65cf0e7d520aa9dc8223ab07,65cf0e0a520aa9dc8223aadc,140002092409430,140002092409430,com.ethinx.cymasphere.pro.monthly,2024-02-16T07:27:54.000Z,2024-03-01T07:27:54.000Z,,false,0,AppleAppStore
65cfa68d520aa9dc8223ba9b,65cfa53b520aa9dc8223ba61,720001387352702,720001387352702,com.ethinx.cymasphere.pro.monthly,2024-02-16T18:16:40.000Z,2024-03-01T18:16:40.000Z,,false,0,AppleAppStore
65cfb400520aa9dc8223bafd,65cfb371520aa9dc8223baed,460001810933304,460001810933304,com.ethinx.cymasphere.pro.monthly,2024-02-16T19:14:02.000Z,2024-03-01T19:14:02.000Z,,false,0,AppleAppStore
65d008a0520aa9dc8223be57,65d00845520aa9dc8223be47,300001742657727,300001742657727,com.ethinx.cymasphere.pro.monthly,2024-02-17T01:15:07.000Z,2024-03-02T01:15:07.000Z,,false,0,AppleAppStore
65d05faa520aa9dc8223c0c7,65d05f47520aa9dc8223c0ba,600001473160199,600001473160199,com.ethinx.cymasphere.pro.monthly,2024-02-17T07:26:31.000Z,2024-03-02T07:26:31.000Z,,false,0,AppleAppStore
65d133aa520aa9dc8223c974,65d13342520aa9dc8223c962,140002094721546,140002094721546,com.ethinx.cymasphere.pro.monthly,2024-02-17T22:31:02.000Z,2024-03-02T22:31:02.000Z,,false,0,AppleAppStore
65d15877520aa9dc8223cb54,65d157bf520aa9dc8223cb40,300001743866348,300001743866348,com.ethinx.cymasphere.pro.monthly,2024-02-18T01:08:02.000Z,2024-03-03T01:08:02.000Z,,false,0,AppleAppStore
65d181b2520aa9dc8223cc52,65d17d23520aa9dc8223cc2d,410001848972476,410001848972476,com.ethinx.cymasphere.pro.monthly,2024-02-18T04:03:58.000Z,2024-03-03T04:03:58.000Z,,false,0,AppleAppStore
65d1af4c520aa9dc8223cdc8,65d1aef7520aa9dc8223cdb8,700001432682970,700001432682970,com.ethinx.cymasphere.pro.monthly,2024-02-18T07:18:33.000Z,2024-03-03T07:18:33.000Z,,false,0,AppleAppStore
65d1b9f9520aa9dc8223ce4e,65d1b961520aa9dc8223ce3f,190001908881721,190001908881721,com.ethinx.cymasphere.pro.monthly,2024-02-18T08:04:05.000Z,2024-03-03T08:04:05.000Z,,false,0,AppleAppStore
65d20a42662740e70be58b2a,65d209b8662740e70be58b16,400001473532084,400001473532084,com.ethinx.cymasphere.pro.annual,2024-02-18T13:46:37.000Z,2024-03-03T13:46:37.000Z,,false,0,AppleAppStore
65d24242662740e70be58de5,65ceaec8520aa9dc82239cd2,170002042263573,170002042263573,com.ethinx.cymasphere.pro.monthly,2024-02-18T17:45:34.000Z,2024-03-03T17:45:34.000Z,,false,0,AppleAppStore
65d267f9662740e70be58fdd,65d26781662740e70be58fc1,260001731497051,260001731497051,com.ethinx.cymasphere.pro.monthly,2024-02-18T20:26:29.000Z,2024-03-03T20:26:29.000Z,,false,0,AppleAppStore
65d2b46c662740e70be59539,65d2b429662740e70be5952c,230001951579748,230001951579748,com.ethinx.cymasphere.pro.monthly,2024-02-19T01:52:41.000Z,2024-03-04T01:52:41.000Z,,false,0,AppleAppStore
65d2e74c662740e70be5964c,65d2e6eb662740e70be5963b,700001433563137,700001433563137,com.ethinx.cymasphere.pro.monthly,2024-02-19T05:29:44.000Z,2024-03-04T05:29:44.000Z,,false,0,AppleAppStore
65d2ff3a662740e70be596e4,65d2fde0662740e70be596b0,120002152043304,120002152043304,com.ethinx.cymasphere.pro.monthly,2024-02-19T07:11:50.000Z,2024-03-04T07:11:50.000Z,,false,0,AppleAppStore
65d36060662740e70be5a2bb,65d35fce662740e70be5a279,480001819362139,480001819362139,com.ethinx.cymasphere.pro.monthly,2024-02-19T14:06:20.000Z,2024-03-04T14:06:20.000Z,,false,0,AppleAppStore
65d4d9d656dc83cf8482908c,65cf818c520aa9dc8223b8fa,80001591530859,80001591530859,com.ethinx.cymasphere.pro.monthly,2024-02-20T16:56:50.000Z,2024-03-05T16:56:50.000Z,,false,0,AppleAppStore
65d54a842a88499521d48c3f,65d54a302a88499521d48c31,120002154401726,120002154401726,com.ethinx.cymasphere.pro.monthly,2024-02-21T00:57:36.000Z,2024-03-06T00:57:36.000Z,,false,0,AppleAppStore
65d56bd62a88499521d48d81,65c11ddbce073788bfdb14e9,310001735823134,310001735823134,com.ethinx.cymasphere.pro.monthly,2024-02-21T03:19:45.000Z,2024-03-06T03:19:45.000Z,,false,0,AppleAppStore
65d61686af7504784b08d8c6,65d61623af7504784b08d8b5,210001681874908,210001681874908,com.ethinx.cymasphere.pro.annual,2024-02-21T15:28:02.000Z,2024-03-06T15:28:02.000Z,,false,0,AppleAppStore
65d6ccdaaf7504784b08de94,65d6cc3aaf7504784b08de7f,210001682489737,210001682489737,com.ethinx.cymasphere.pro.monthly,2024-02-22T04:25:59.000Z,2024-03-07T04:25:59.000Z,,false,0,AppleAppStore
65d6ef92af7504784b08dfe5,65d6ef0caf7504784b08dfcf,520001621321631,520001621321631,com.ethinx.cymasphere.pro.monthly,2024-02-22T06:54:06.000Z,2024-03-07T06:54:06.000Z,,false,0,AppleAppStore
65da3d4ce553523232e6c5dd,65da3cb4e553523232e6c5c9,380001476380080,380001476380080,com.ethinx.cymasphere.pro.monthly,2024-02-24T19:02:32.000Z,2024-03-09T19:02:32.000Z,,false,0,AppleAppStore
65da8304e553523232e6c73a,65147b9397583ec124987950,160001872047960,160001872047960,com.ethinx.cymasphere.pro.monthly,2024-02-25T00:00:00.000Z,2024-03-10T00:00:00.000Z,,false,0,AppleAppStore
65dab4fde553523232e6ca54,6495040c2b189cf39cde145f,550001695225364,550001695225364,com.ethinx.cymasphere.pro.monthly,2024-02-25T03:33:01.000Z,2024-03-10T03:33:01.000Z,,false,0,AppleAppStore
65dabfebe553523232e6cb32,65dabe87e553523232e6cb16,480001826080991,480001826080991,com.ethinx.cymasphere.pro.annual,2024-02-25T04:18:45.000Z,2024-03-10T04:18:45.000Z,,false,0,AppleAppStore
65daf797e553523232e6cc17,65d1e9f5520aa9dc8223d078,480001826281476,480001826281476,com.ethinx.cymasphere.pro.monthly,2024-02-25T08:17:21.000Z,2024-03-10T08:17:21.000Z,,false,0,AppleAppStore
65db3d74e553523232e6cd2c,65db3d0fe553523232e6cd1d,440001739230216,440001739230216,com.ethinx.cymasphere.pro.annual,2024-02-25T13:15:26.000Z,2024-03-10T12:15:26.000Z,,false,0,AppleAppStore
65dbb231e553523232e6d1f3,65dbb14be553523232e6d1c3,310001741423556,310001741423556,com.ethinx.cymasphere.pro.monthly,2024-02-25T21:33:33.000Z,2024-03-10T20:33:33.000Z,,false,0,AppleAppStore
65de54e7e553523232e6e0c2,65de547ae553523232e6e0b0,440001741901391,440001741901391,com.ethinx.cymasphere.pro.annual,2024-02-27T21:32:18.000Z,2024-03-12T20:32:18.000Z,,false,0,AppleAppStore
65dfab7d6535fd30bcba136f,64cfc0514310d61bdc728f57,550001699168417,550001699168417,com.ethinx.cymasphere.pro.monthly,2024-02-28T21:54:01.000Z,2024-03-13T20:54:01.000Z,,false,0,AppleAppStore
65e10c9b6535fd30bcba19c1,65e10c3f6535fd30bcba19b3,550001700636423,550001700636423,com.ethinx.cymasphere.pro.monthly,2024-02-29T23:00:40.000Z,2024-03-14T22:00:40.000Z,,false,0,AppleAppStore
65e1a12c6535fd30bcba1cd1,65e1a0cd6535fd30bcba1cc0,170002058150110,170002058150110,com.ethinx.cymasphere.pro.annual,2024-03-01T09:34:32.000Z,2024-03-15T08:34:32.000Z,,false,0,AppleAppStore
65e24bdaaec8942935370e47,65e24a85aec8942935370e2f,410001864641096,410001864641096,com.ethinx.cymasphere.pro.monthly,2024-03-01T21:40:57.000Z,2024-03-15T20:40:57.000Z,,false,0,AppleAppStore
65e2c0e7aec8942935370ff3,65e2c09faec8942935370fe5,720001401475436,720001401475436,com.ethinx.cymasphere.pro.monthly,2024-03-02T06:02:09.000Z,2024-03-16T05:02:09.000Z,,false,0,AppleAppStore
65e37a9caec89429353712d8,65e37a43aec89429353712cb,590001508797755,590001508797755,com.ethinx.cymasphere.pro.monthly,2024-03-02T19:14:31.000Z,2024-03-16T18:14:31.000Z,,false,0,AppleAppStore
65e697a0aec8942935372049,65cc2eddce073788bfdb94a4,460001832325779,460001832325779,com.ethinx.cymasphere.pro.monthly,2024-03-05T03:55:08.000Z,2024-03-19T02:55:08.000Z,,false,0,AppleAppStore
65e8fa18aec8942935372982,6580f90dabacdda72d5dd854,590001512816464,590001512816464,com.ethinx.cymasphere.pro.monthly,2024-03-06T23:19:48.000Z,2024-03-20T22:19:48.000Z,,false,0,AppleAppStore
65ea1dd9aec89429353739eb,65988a0f2dc8db1efedf03ef,200001976788279,200001976788279,com.ethinx.cymasphere.pro.monthly,2024-03-07T20:04:37.000Z,2024-03-21T19:04:37.000Z,,false,0,AppleAppStore
65eacfd9aec8942935373b86,65eacf50aec8942935373b71,410001872275135,410001872275135,com.ethinx.cymasphere.pro.monthly,2024-03-08T08:44:05.000Z,2024-03-22T07:44:05.000Z,,false,0,AppleAppStore
65eb836eaec8942935373faa,65eb8287aec8942935373f7f,560001476076801,560001476076801,com.ethinx.cymasphere.pro.monthly,2024-03-08T21:30:18.000Z,2024-03-22T20:30:18.000Z,,false,0,AppleAppStore
65ec7255aec894293537452e,65ec71f3aec894293537451f,590001515361697,590001515361697,com.ethinx.cymasphere.pro.monthly,2024-03-09T14:29:36.000Z,2024-03-23T13:29:36.000Z,,false,0,AppleAppStore
65ed4c04aec8942935374cc7,65ed4ba9aec8942935374cb5,380001486407648,380001486407648,com.ethinx.cymasphere.pro.monthly,2024-03-10T05:58:25.000Z,2024-03-24T04:58:25.000Z,,false,0,AppleAppStore
65f1cae6aec894293537629a,65f1c7faaec8942935376206,70002043017389,70002043017389,com.ethinx.cymasphere.pro.monthly,2024-03-13T15:48:50.000Z,2024-03-27T15:48:50.000Z,,false,0,AppleAppStore
65f1f1cbaec894293537636f,65f1f099aec8942935376351,1090000006831700,1090000006831700,com.ethinx.cymasphere.pro.monthly,2024-03-13T18:34:46.000Z,2024-03-27T18:34:46.000Z,,false,0,AppleAppStore
65f22535aec894293537649b,65f224d3aec894293537648e,1500000006077300,1500000006077300,com.ethinx.cymasphere.pro.monthly,2024-03-13T22:14:09.000Z,2024-03-27T22:14:09.000Z,,false,0,AppleAppStore
65f6ef5daec8942935377ee0,65f6ee01aec8942935377ec8,30001958118602,30001958118602,com.ethinx.cymasphere.pro.monthly,2024-03-31T13:25:42.000Z,2024-04-30T13:25:42.000Z,,false,0,AppleAppStore
65f6f068aec8942935377f31,65f6f00caec8942935377f10,440001760648014,440001760648014,com.ethinx.cymasphere.pro.monthly,2024-03-17T13:30:12.000Z,2024-03-31T13:30:12.000Z,,false,0,AppleAppStore
65f72e32aec8942935378180,65b56adaf2c4f1dd5b9ea0df,520001643859076,520001643859076,com.ethinx.cymasphere.pro.monthly,2024-03-31T17:53:47.000Z,2024-04-30T17:53:47.000Z,,false,0,AppleAppStore
65f730e2aec894293537825b,65f73008aec894293537820a,470001866552992,470001866552992,com.ethinx.cymasphere.pro.monthly,2024-03-17T18:05:03.000Z,2024-03-31T18:05:03.000Z,,false,0,AppleAppStore
65f77e1caec8942935378ead,65f77ddaaec8942935378e9c,220001943478857,220001943478857,com.ethinx.cymasphere.pro.monthly,2024-03-17T23:34:48.000Z,2024-03-31T23:34:48.000Z,,false,0,AppleAppStore
65f79a63aec8942935379321,65f79a10aec894293537930a,420001816625435,420001816625435,com.ethinx.cymasphere.pro.monthly,2024-12-09T19:10:29.000Z,2025-01-09T19:10:29.000Z,,false,0,AppleAppStore
65f89815aec894293537abb6,65f897c5aec894293537aba7,600001502541859,600001502541859,com.ethinx.cymasphere.pro.annual,2024-03-18T19:37:52.000Z,2024-04-01T19:37:52.000Z,,false,0,AppleAppStore
65f910b3aec894293537af65,65f90fefaec894293537af53,500001667308511,500001667308511,com.ethinx.cymasphere.pro.monthly,2024-03-19T04:12:31.000Z,2024-04-02T04:12:31.000Z,,false,0,AppleAppStore
65f99414aec894293537b2da,65f9939faec894293537b2cc,150001725538957,150001725538957,com.ethinx.cymasphere.pro.monthly,2024-03-19T13:32:59.000Z,2024-04-02T13:32:59.000Z,,false,0,AppleAppStore
65f9a872aec894293537b3ab,65f9a7d5aec894293537b392,270001699170860,270001699170860,com.ethinx.cymasphere.pro.monthly,2024-03-19T14:59:55.000Z,2024-04-02T14:59:55.000Z,,false,0,AppleAppStore
65f9fcfcaec894293537b612,65f9fc8aaec894293537b5fe,710001586468516,710001586468516,com.ethinx.cymasphere.pro.monthly,2024-03-19T21:00:27.000Z,2024-04-02T21:00:27.000Z,,false,0,AppleAppStore
65fa082aaec894293537b68a,65fa07beaec894293537b67c,700001459224034,700001459224034,com.ethinx.cymasphere.pro.monthly,2024-03-19T21:48:22.000Z,2024-04-02T21:48:22.000Z,,false,0,AppleAppStore
65fa08fcaec894293537b6c2,65fa089faec894293537b6a8,480001853321220,480001853321220,com.ethinx.cymasphere.pro.monthly,2024-03-19T21:51:49.000Z,2024-04-02T21:51:49.000Z,,false,0,AppleAppStore
65fa8bd4aec894293537b9df,65e607f5aec8942935371f01,420001819020839,420001819020839,com.ethinx.cymasphere.pro.monthly,2025-02-03T08:09:58.000Z,2025-03-03T08:09:58.000Z,,false,0,AppleAppStore
65fb0de1aec894293537bd79,65b1893cf2c4f1dd5b9e67e8,470001869833561,470001869833561,com.ethinx.cymasphere.pro.monthly,2024-04-03T16:24:59.000Z,2024-05-03T16:24:59.000Z,,false,0,AppleAppStore
65fc8ec9aec894293537c71a,65fc8e59aec894293537c706,140002138380676,140002138380676,com.ethinx.cymasphere.pro.monthly,2024-03-21T19:47:14.000Z,2024-04-04T19:47:14.000Z,,false,0,AppleAppStore
65fcd1ddaec894293537c7dc,65fcd0eeaec894293537c7c5,310001766896237,310001766896237,com.ethinx.cymasphere.pro.monthly,2024-03-22T00:33:28.000Z,2024-04-05T00:33:28.000Z,,false,0,AppleAppStore
65fde62faec894293537cb7f,65fde54daec894293537cb6b,290001819631412,290001819631412,com.ethinx.cymasphere.pro.monthly,2024-03-22T20:12:25.000Z,2024-04-05T20:12:25.000Z,,false,0,AppleAppStore
65feb173aec894293537cf34,65b4fc41f2c4f1dd5b9e97db,490001672694256,490001672694256,com.ethinx.cymasphere.pro.monthly,2024-03-23T10:39:44.000Z,2024-04-06T10:39:44.000Z,,false,0,AppleAppStore
65ffad77aec894293537d5d6,65ffaba3aec894293537d5bb,280001813561986,280001813561986,com.ethinx.cymasphere.pro.monthly,2024-03-24T04:34:59.000Z,2024-04-07T04:34:59.000Z,,false,0,AppleAppStore
6601a0eeaec894293537dfba,6601a09aaec894293537dfab,300001784928617,300001784928617,com.ethinx.cymasphere.pro.monthly,2024-03-25T16:06:02.000Z,2024-04-08T16:06:02.000Z,,false,0,AppleAppStore
66046d009fa316c15b55224a,66046b8f4a8c0be5ddc4ba0f,700001466765214,700001466765214,com.ethinx.cymasphere.pro.monthly,2024-03-27T19:01:16.000Z,2024-04-10T19:01:16.000Z,,false,0,AppleAppStore
6604da6f9fa316c15b55248d,6604d9849fa316c15b552471,560001491312000,560001491312000,com.ethinx.cymasphere.pro.monthly,2024-03-28T02:48:11.000Z,2024-04-11T02:48:11.000Z,,false,0,AppleAppStore
66053e5f9fa316c15b55272f,66053e149fa316c15b552722,290001826196882,290001826196882,com.ethinx.cymasphere.pro.monthly,2024-03-28T09:54:36.000Z,2024-04-11T09:54:36.000Z,,false,0,AppleAppStore
6605f7559fa316c15b552a95,65f4c309aec8942935377253,190001959691257,190001959691257,com.ethinx.cymasphere.pro.monthly,2024-03-28T23:03:10.000Z,2024-04-11T23:03:10.000Z,,false,0,AppleAppStore
6607162a9fa316c15b553969,660715d79fa316c15b553957,160001915412537,160001915412537,com.ethinx.cymasphere.pro.monthly,2024-03-29T19:27:34.000Z,2024-04-12T19:27:34.000Z,,false,0,AppleAppStore
66078e459fa316c15b55411c,66078d979fa316c15b55410c,180002011710449,180002011710449,com.ethinx.cymasphere.pro.annual,2024-03-30T04:00:01.000Z,2024-04-13T04:00:01.000Z,,false,0,AppleAppStore
6609c7ab9fa316c15b554a62,6609c7359fa316c15b554a55,230002004732347,230002004732347,com.ethinx.cymasphere.pro.monthly,2024-03-31T20:29:08.000Z,2024-04-14T20:29:08.000Z,,false,0,AppleAppStore
660a31859fa316c15b554c1e,660a31129fa316c15b554c0f,420001832917831,420001832917831,com.ethinx.cymasphere.pro.monthly,2024-04-01T04:01:04.000Z,2024-04-15T04:01:04.000Z,,false,0,AppleAppStore
660a57769fa316c15b554c78,660a570b9fa316c15b554c6b,570001491879625,570001491879625,com.ethinx.cymasphere.pro.monthly,2024-04-01T06:42:59.000Z,2024-04-15T06:42:59.000Z,,false,0,AppleAppStore
660b2a949fa316c15b5550e8,660b2a4b9fa316c15b5550da,100001637179357,100001637179357,com.ethinx.cymasphere.pro.monthly,2024-04-01T21:43:43.000Z,2024-04-15T21:43:43.000Z,,false,0,AppleAppStore
660c9b999fa316c15b555bbb,64d3cd754310d61bdc72a081,250001740219441,250001740219441,com.ethinx.cymasphere.pro.monthly,2024-04-02T23:58:13.000Z,2024-04-16T23:58:13.000Z,,false,0,AppleAppStore
660da7049fa316c15b555f75,660d91769fa316c15b555f0c,280001826207408,280001826207408,com.ethinx.cymasphere.pro.monthly,2025-01-17T19:59:13.000Z,2025-02-17T19:59:13.000Z,,false,0,AppleAppStore
660e854c9fa316c15b5564bd,660e84ba9fa316c15b5564af,330001716153850,330001716153850,com.ethinx.cymasphere.pro.monthly,2024-04-04T10:47:35.000Z,2024-04-18T10:47:35.000Z,,false,0,AppleAppStore
660f4f549fa316c15b556e37,6608b51c9fa316c15b5545dc,550001737106793,550001737106793,com.ethinx.cymasphere.pro.monthly,2024-04-05T01:09:35.000Z,2024-04-19T01:09:35.000Z,,false,0,AppleAppStore
660fc1a09fa316c15b55713c,660fc1259fa316c15b55712e,1360000010534789,1360000010534789,com.ethinx.cymasphere.pro.annual,2024-04-05T09:17:16.000Z,2024-04-19T09:17:16.000Z,,false,0,AppleAppStore
660fcd2a9fa316c15b557244,660fccda9fa316c15b557235,450001754828570,450001754828570,com.ethinx.cymasphere.pro.annual,2024-04-05T10:06:28.000Z,2024-04-19T10:06:28.000Z,,false,0,AppleAppStore
66106f919fa316c15b55758b,66061ca39fa316c15b552c22,310001784794962,310001784794962,com.ethinx.cymasphere.pro.monthly,2024-04-05T21:39:23.000Z,2024-04-19T21:39:23.000Z,,false,0,AppleAppStore
661084e29fa316c15b55770f,661084999fa316c15b557700,1350000013463443,1350000013463443,com.ethinx.cymasphere.pro.monthly,2024-04-05T23:10:21.000Z,2024-04-19T23:10:21.000Z,,false,0,AppleAppStore
6612be649fa316c15b55893a,6612bdda9fa316c15b55891f,380001509395544,380001509395544,com.ethinx.cymasphere.pro.monthly,2024-04-07T15:40:15.000Z,2024-04-21T15:40:15.000Z,,false,0,AppleAppStore
6612e86d9fa316c15b558baa,6612e7e79fa316c15b558b8b,270001722101571,270001722101571,com.ethinx.cymasphere.pro.monthly,2024-04-07T18:39:37.000Z,2024-04-21T18:39:37.000Z,,false,0,AppleAppStore
6613ad6c9fa316c15b559218,660f904a9fa316c15b5570ce,1700000012177783,1700000012177783,com.ethinx.cymasphere.pro.monthly,2024-04-08T08:40:08.000Z,2024-04-22T08:40:08.000Z,,false,0,AppleAppStore
661404f49fa316c15b559423,6613ace39fa316c15b559204,480001877292334,480001877292334,com.ethinx.cymasphere.pro.monthly,2024-04-08T14:53:36.000Z,2024-04-22T14:53:36.000Z,,false,0,AppleAppStore
661428c29fa316c15b55956c,661428619fa316c15b559556,170002108824035,170002108824035,com.ethinx.cymasphere.pro.monthly,2024-04-08T17:26:21.000Z,2024-04-22T17:26:21.000Z,,false,0,AppleAppStore
66142a639fa316c15b5595d8,647f10256e0a2d9e5b3b8452,420001841977742,420001841977742,com.ethinx.cymasphere.pro.monthly,2024-04-08T17:33:16.000Z,2024-04-22T17:33:16.000Z,,false,0,AppleAppStore
66161a569fa316c15b55a1f3,6616193b9fa316c15b55a1e3,460001874644359,460001874644359,com.ethinx.cymasphere.pro.monthly,2024-04-10T04:49:21.000Z,2024-04-24T04:49:21.000Z,,false,0,AppleAppStore
661df1e29fa316c15b55be0e,661df1689fa316c15b55bdf9,350001930121612,350001930121612,com.ethinx.cymasphere.pro.monthly,2024-04-16T03:34:54.000Z,2024-04-30T03:34:54.000Z,,false,0,AppleAppStore
6620d45d9fa316c15b55c8b3,6620d2ff9fa316c15b55c894,360001805735166,360001805735166,com.ethinx.cymasphere.pro.monthly,2024-04-18T08:05:45.000Z,2024-05-02T08:05:45.000Z,,false,0,AppleAppStore
66258c159fa316c15b55dc59,660e9b739fa316c15b556538,420001857356322,420001857356322,com.ethinx.cymasphere.pro.monthly,2024-04-21T21:58:38.000Z,2024-05-05T21:58:38.000Z,,false,0,AppleAppStore
66336e9a9fa316c15b560425,66336e479fa316c15b560417,500001714705999,500001714705999,com.ethinx.cymasphere.pro.monthly,2024-05-02T10:44:38.000Z,2024-05-16T10:44:38.000Z,,false,0,AppleAppStore
6636478a9fa316c15b560bcd,663646b59fa316c15b560bbf,430001811597960,430001811597960,com.ethinx.cymasphere.pro.monthly,2024-05-04T14:34:46.000Z,2024-05-18T14:34:46.000Z,,false,0,AppleAppStore
6637a9609fa316c15b5611f1,654d04fe74ae940d8d91ab2f,590001571571821,590001571571821,com.ethinx.cymasphere.pro.monthly,2024-05-05T15:44:28.000Z,2024-05-19T15:44:28.000Z,,false,0,AppleAppStore
663c0ebe9fa316c15b562b69,64949f662b189cf39cde11ec,110002115865727,110002115865727,com.ethinx.cymasphere.pro.monthly,2024-05-08T23:46:02.000Z,2024-05-22T23:46:02.000Z,,false,0,AppleAppStore
6642a8f19fa316c15b563a4c,65f4ad9faec8942935377189,210001769443195,210001769443195,com.ethinx.cymasphere.pro.monthly,2024-08-27T23:57:31.000Z,2024-09-27T23:57:31.000Z,,false,0,AppleAppStore
664b4abf9fa316c15b564c3a,664b49c49fa316c15b564c22,140002210412945,140002210412945,com.ethinx.cymasphere.pro.monthly,2024-05-20T13:05:59.000Z,2024-06-03T13:05:59.000Z,,false,0,AppleAppStore
664eb11a9fa316c15b565581,664eb02d9fa316c15b56556a,120002266838054,120002266838054,com.ethinx.cymasphere.pro.annual,2024-05-23T02:59:32.000Z,2024-06-06T02:59:32.000Z,,false,0,AppleAppStore
6654f4429fa316c15b566242,6654f3e39fa316c15b566234,270001781778031,270001781778031,com.ethinx.cymasphere.pro.monthly,2024-05-27T20:59:40.000Z,2024-06-10T20:59:40.000Z,,false,0,AppleAppStore
665a93819fa316c15b5672f1,665a93079fa316c15b5672e3,70002139565717,70002139565717,com.ethinx.cymasphere.pro.monthly,2024-06-15T03:20:29.000Z,2024-07-15T03:20:29.000Z,,false,0,AppleAppStore
665fb39f9fa316c15b567f89,665fb2ff9fa316c15b567f77,90002012317165,90002012317165,com.ethinx.cymasphere.pro.monthly,2024-10-13T02:16:52.000Z,2024-11-13T03:16:52.000Z,,false,0,AppleAppStore
6660cb3a9fa316c15b568164,652e428097583ec12498f0b3,180002103458660,180002103458660,com.ethinx.cymasphere.pro.monthly,2024-06-05T20:31:50.000Z,2024-06-19T20:31:50.000Z,,false,0,AppleAppStore
6666d0239fa316c15b5689e5,6666cd819fa316c15b5689d4,1210000024320854,1210000024320854,com.ethinx.cymasphere.pro.monthly,2024-06-10T10:06:23.000Z,2024-06-24T10:06:23.000Z,,false,0,AppleAppStore
6668d58a9fa316c15b56909b,6668d5339fa316c15b56908a,220002057867119,220002057867119,com.ethinx.cymasphere.pro.monthly,2024-06-11T22:53:59.000Z,2024-06-25T22:53:59.000Z,,false,0,AppleAppStore
666a46409fa316c15b56932c,666a45d29fa316c15b56931a,410001986920576,410001986920576,com.ethinx.cymasphere.pro.monthly,2024-06-13T01:07:06.000Z,2024-06-27T01:07:06.000Z,,false,0,AppleAppStore
6677bd249fa316c15b56bb8b,6677bbc59fa316c15b56bb72,20001563737721,20001563737721,com.ethinx.cymasphere.pro.monthly,2024-07-07T06:13:51.000Z,2024-08-07T06:13:51.000Z,,false,0,AppleAppStore
667f64eb9fa316c15b56ce0a,667f64ab9fa316c15b56cdfd,340001585700353,340001585700353,com.ethinx.cymasphere.pro.monthly,2024-06-29T01:35:36.000Z,2024-07-13T01:35:36.000Z,,false,0,AppleAppStore
6681525f9fa316c15b56d2ba,6607e32b9fa316c15b55423a,360001897733813,360001897733813,com.ethinx.cymasphere.pro.monthly,2024-06-30T12:40:55.000Z,2024-07-14T12:40:55.000Z,,false,0,AppleAppStore
668cd92d9fa316c15b56fb4a,652f2abc97583ec12498f570,1250000048563155,1250000048563155,com.ethinx.cymasphere.pro.monthly,2024-11-02T16:57:42.000Z,2024-12-02T17:57:42.000Z,,false,0,AppleAppStore
669044109fa316c15b5700ef,6690438a9fa316c15b5700de,600001619489221,600001619489221,com.ethinx.cymasphere.pro.monthly,2024-07-25T20:43:57.000Z,2024-08-25T20:43:57.000Z,,false,0,AppleAppStore
6697f5269fa316c15b570fe8,6697f4cd9fa316c15b570fdb,110002210627915,110002210627915,com.ethinx.cymasphere.pro.monthly,2024-07-17T16:45:20.000Z,2024-07-31T16:45:20.000Z,,false,0,AppleAppStore
66a13e869fa316c15b5721f8,66a13d689fa316c15b5721e2,140002309036217,140002309036217,com.ethinx.cymasphere.pro.monthly,2024-09-07T17:48:47.000Z,2024-10-07T17:48:47.000Z,,false,0,AppleAppStore
66a6a47a9fa316c15b572c5f,66a6a4109fa316c15b572c46,260001868045682,260001868045682,com.ethinx.cymasphere.pro.monthly,2024-07-28T20:05:09.000Z,2024-08-11T20:05:09.000Z,,false,0,AppleAppStore
66acaa929fa316c15b573b70,66acaa2a9fa316c15b573b61,730001540492848,730001540492848,com.ethinx.cymasphere.pro.monthly,2024-08-02T09:44:39.000Z,2024-08-16T09:44:39.000Z,,false,0,AppleAppStore
66ace5159fa316c15b573bd1,66ace47e9fa316c15b573bc6,400001576650751,400001576650751,com.ethinx.cymasphere.pro.monthly,2024-08-02T13:54:25.000Z,2024-08-16T13:54:25.000Z,,false,0,AppleAppStore
66bfe9eb9fa316c15b579c6c,64911170a0a90e2ff19df779,90002107738720,90002107738720,com.ethinx.cymasphere.pro.annual,2024-08-17T00:08:08.000Z,2024-08-31T00:08:08.000Z,,false,0,AppleAppStore
66c016119fa316c15b57a1a5,66c015419fa316c15b57a177,80001748417811,80001748417811,com.ethinx.cymasphere.pro.monthly,2024-08-17T03:16:29.000Z,2024-08-31T03:16:29.000Z,,false,0,AppleAppStore
66c764ad9fa316c15b57b717,66c764579fa316c15b57b708,560001641137947,560001641137947,com.ethinx.cymasphere.pro.monthly,2024-08-22T16:17:45.000Z,2024-09-05T16:17:45.000Z,,false,0,AppleAppStore
66cabb919fa316c15b57c4bf,66cab8b59fa316c15b57c4aa,590001693151084,590001693151084,com.ethinx.cymasphere.pro.monthly,2024-08-25T05:05:15.000Z,2024-09-08T05:05:15.000Z,,false,0,AppleAppStore
66d0f4b39fa316c15b57de27,66d0d2d19fa316c15b57ddc4,120002421266843,120002421266843,com.ethinx.cymasphere.pro.annual,2024-08-29T22:22:39.000Z,2024-09-12T22:22:39.000Z,,false,0,AppleAppStore
66d44b569fa316c15b57e65e,66d44aad9fa316c15b57e650,210001856128217,210001856128217,com.ethinx.cymasphere.pro.monthly,2024-09-01T11:09:05.000Z,2024-09-15T11:09:05.000Z,,false,0,AppleAppStore
66d5d55e9fa316c15b57ea99,66d5d4ad9fa316c15b57ea8c,140002372866672,140002372866672,com.ethinx.cymasphere.pro.monthly,2024-09-02T15:10:14.000Z,2024-09-16T15:10:14.000Z,,false,0,AppleAppStore
66d6be119fa316c15b57ec40,66d6bd859fa316c15b57ec30,290001964022096,290001964022096,com.ethinx.cymasphere.pro.monthly,2024-09-03T07:43:08.000Z,2024-09-17T07:43:08.000Z,,false,0,AppleAppStore
66d7674b9fa316c15b57ed6e,665052b99fa316c15b565930,170002333552929,170002333552929,com.ethinx.cymasphere.pro.monthly,2024-09-03T19:28:42.000Z,2024-09-17T19:28:42.000Z,,false,0,AppleAppStore
66e2e8179fa316c15b580d2e,65d909d6e553523232e6be24,1120000027426518,1120000027426518,com.ethinx.cymasphere.pro.monthly,2024-09-12T13:09:39.000Z,2024-09-26T13:09:39.000Z,,false,0,AppleAppStore
66e49c119fa316c15b58115d,66e49bb89fa316c15b581150,320001973749599,320001973749599,com.ethinx.cymasphere.pro.monthly,2024-09-13T20:09:41.000Z,2024-09-27T20:09:41.000Z,,false,0,AppleAppStore
66e8bb2b9fa316c15b581898,66e8ba9a9fa316c15b58188a,120002449177917,120002449177917,com.ethinx.cymasphere.pro.monthly,2024-09-16T23:11:11.000Z,2024-09-30T23:11:11.000Z,,false,0,AppleAppStore
66ea1cb09fa316c15b581b02,66ea1c3b9fa316c15b581af5,230002197746745,230002197746745,com.ethinx.cymasphere.pro.monthly,2024-09-18T00:19:54.000Z,2024-10-02T00:19:54.000Z,,false,0,AppleAppStore
66f4a8bb9fa316c15b583c5c,66f3c3439fa316c15b583988,310001932618203,310001932618203,com.ethinx.cymasphere.pro.monthly,2024-09-26T00:20:06.000Z,2024-10-10T00:20:06.000Z,,false,0,AppleAppStore
670690338028002d835736f7,67068d688028002d83573693,170002393198599,170002393198599,com.ethinx.cymasphere.pro.monthly,2024-10-09T14:16:14.000Z,2024-10-23T14:16:14.000Z,,false,0,AppleAppStore
670bf9948028002d835749dc,670bf94b8028002d835749c5,230002239564285,230002239564285,com.ethinx.cymasphere.pro.monthly,2024-10-13T16:47:11.000Z,2024-10-27T16:47:11.000Z,,false,0,AppleAppStore
67124d238028002d835753f3,67124b258028002d835753ab,370001772689915,370001772689915,com.ethinx.cymasphere.pro.monthly,2024-10-18T11:56:40.000Z,2024-11-01T11:56:40.000Z,,false,0,AppleAppStore
67247a4c8028002d83577257,672479ef8028002d8357724b,190002278971127,190002278971127,com.ethinx.cymasphere.pro.monthly,2024-11-01T06:50:48.000Z,2024-11-15T07:50:48.000Z,,false,0,AppleAppStore
6725b59d8028002d835775e7,6725b4668028002d835775cb,360002069109377,360002069109377,com.ethinx.cymasphere.pro.monthly,2024-11-02T05:16:08.000Z,2024-11-16T06:16:08.000Z,,false,0,AppleAppStore
6727d2aa8028002d83577e50,6727cf318028002d83577e36,450002015865989,450002015865989,com.ethinx.cymasphere.pro.annual,2024-11-03T19:44:39.000Z,2024-11-17T19:44:39.000Z,,false,0,AppleAppStore
672fbb528028002d83578d96,672fb9388028002d83578d2a,170002442445564,170002442445564,com.ethinx.cymasphere.pro.monthly,2024-11-09T19:43:09.000Z,2024-11-23T19:43:09.000Z,,false,0,AppleAppStore
6732e8ff8028002d8357939d,6732e8838028002d83579386,240001860818773,240001860818773,com.ethinx.cymasphere.pro.monthly,2024-11-12T05:34:21.000Z,2024-11-26T05:34:21.000Z,,false,0,AppleAppStore
673b70e68028002d8357a4fe,673b70498028002d8357a4f0,720001679356163,720001679356163,com.ethinx.cymasphere.pro.annual,2024-11-18T16:52:51.000Z,2024-12-02T16:52:51.000Z,,false,0,AppleAppStore
6750fec28028002d8357cc48,6750fd0b8028002d8357cc3a,190002333567974,190002333567974,com.ethinx.cymasphere.pro.monthly,2024-12-05T01:15:43.000Z,2024-12-19T01:15:43.000Z,,false,0,AppleAppStore
675590f08028002d8357d48e,6755902e8028002d8357d47d,120002590030536,120002590030536,com.ethinx.cymasphere.pro.monthly,2024-12-08T12:28:24.000Z,2024-12-22T12:28:24.000Z,,false,0,AppleAppStore
6781d10fc70c02e945821d8c,6781be77c70c02e945821d5f,180002442679161,180002442679161,com.ethinx.cymasphere.pro.monthly,2025-01-25T02:01:42.000Z,2025-02-25T02:01:42.000Z,,false,0,AppleAppStore
678eb882c70c02e945823105,678eb837c70c02e9458230f8,550002106047801,550002106047801,com.ethinx.cymasphere.pro.monthly,2025-01-20T20:56:31.000Z,2025-02-03T20:56:31.000Z,,false,0,AppleAppStore
678f75f3c70c02e945823218,678f758ec70c02e945823205,270002057185026,270002057185026,com.ethinx.cymasphere.pro.monthly,2025-01-21T10:24:47.000Z,2025-02-04T10:24:47.000Z,,false,0,AppleAppStore
67a1eac4c70c02e945824cb5,67a1e919c70c02e945824c9c,150002180649489,150002180649489,com.ethinx.cymasphere.pro.monthly,2025-02-04T10:23:58.000Z,2025-02-18T10:23:58.000Z,,false,0,AppleAppStore
67a8b438c70c02e9458257df,67a8b3b1c70c02e9458257d0,80001935773061,80001935773061,com.ethinx.cymasphere.pro.monthly,2025-02-23T13:57:06.000Z,2025-03-23T12:57:06.000Z,,false,0,AppleAppStore
67ad2a02c70c02e945825f7b,67ad297ec70c02e945825f6c,120002709688793,120002709688793,com.ethinx.cymasphere.pro.monthly,2025-02-12T23:08:46.000Z,2025-02-26T23:08:46.000Z,,false,0,AppleAppStore
67b6cb52c70c02e945826bcb,67b6cae1c70c02e945826bb8,390001647843683,390001647843683,com.ethinx.cymasphere.pro.monthly,2025-02-20T06:27:26.000Z,2025-03-06T06:27:26.000Z,,false,0,AppleAppStore
67b996cfc70c02e945826fea,65f6456caec8942935377bc8,260002188212640,260002188212640,com.ethinx.cymasphere.pro.monthly,2025-02-22T09:20:11.000Z,2025-03-08T09:20:11.000Z,,false,0,AppleAppStore
67bb193bc70c02e9458277b6,67b79208c70c02e945826cd5,150002212615883,150002212615883,com.ethinx.cymasphere.pro.monthly,2025-02-23T12:48:53.000Z,2025-03-09T11:48:53.000Z,,false,0,AppleAppStore
67c012bac70c02e945827fbd,67c011adc70c02e945827fab,730001790090898,730001790090898,com.ethinx.cymasphere.pro.monthly,2025-02-27T07:22:22.000Z,2025-03-13T06:22:22.000Z,,false,0,AppleAppStore
67c48f65c70c02e945828532,65bb01a9f2c4f1dd5b9efb4a,360002253191503,360002253191503,com.ethinx.cymasphere.pro.monthly,2025-03-02T17:03:19.000Z,2025-03-16T16:03:19.000Z,,false,0,AppleAppStore
67d01dabc70c02e945829448,6522f42e97583ec12498b971,210002143868421,210002143868421,com.ethinx.cymasphere.pro.monthly,2025-03-11T11:24:50.000Z,2025-03-25T11:24:50.000Z,,false,0,AppleAppStore
67d26f77c70c02e94582970f,652f55a297583ec12498f5b1,60002309919780,60002309919780,com.ethinx.cymasphere.pro.monthly,2025-03-13T05:38:58.000Z,2025-03-27T05:38:58.000Z,,false,0,AppleAppStore
67ea44251412bb91bbcf7fff,670088238028002d83572645,190002534744684,190002534744684,com.ethinx.cymasphere.pro.monthly,2025-03-31T07:28:34.000Z,2025-04-14T07:28:34.000Z,,false,0,AppleAppStore
